CodigoParlamentar,CodigoPublicoNaLegAtual,NomeParlamentar,NomeCompletoParlamentar,SexoParlamentar,FormaTratamento,UrlFotoParlamentar,UrlPaginaParlamentar,EmailParlamentar,SiglaPartidoParlamentar,UfParlamentar,MembroMesa,MembroLideranca,NumeroTelefone,OrdemPublicacao,IndicadorFax,CodigoBloco,NomeBloco,NomeApelido,DataCriacao,CodigoMandato,UfParlamentar.1,DescricaoParticipacao,NumeroLegislatura,DataInicio,DataFim,NumeroLegislatura.1,DataInicio.1,DataFim.1,DescricaoParticipacao.1,CodigoParlamentar.1,NomeParlamentar.1,CodigoExercicio,DataInicio.2,DescricaoParticipacao.2,CodigoParlamentar.2,NomeParlamentar.2,DataFim.2,SiglaCausaAfastamento,DescricaoCausaAfastamento,UrlPaginaParticular,DataLeitura
22,882,Esperidião Amin,Esperidião Amin Helou Filho,Masculino,Senador ,http://www.senado.leg.br/senadores/img/fotos-oficiais/senador22.jpg,http://www25.senado.leg.br/web/senadores/senador/-/perfil/22,sen.esperidiaoamin@senado.leg.br,PP,SC,Não,Não,33036446.0,1.0,Não,346.0,Bloco Parlamentar Aliança,BLALIANÇA,2023-03-20,572.0,SC,Titular,56.0,2019-02-01,2023-01-31,57.0,2023-02-01,2027-01-31,1º Suplente,196.0,Geraldo Althoff,2901.0,2019-02-01,,,,,,,,
35,932,Jader Barbalho,Jader Fontenelle Barbalho,Masculino,Senador ,http://www.senado.leg.br/senadores/img/fotos-oficiais/senador35.jpg,http://www25.senado.leg.br/web/senadores/senador/-/perfil/35,sen.jaderbarbalho@senado.leg.br,MDB,PA,Não,Não,33039831.0,2.0,Não,336.0,Bloco Parlamentar Democracia,BLDEM,2023-02-03,528.0,PA,Titular,56.0,2019-02-01,2023-01-31,57.0,2023-02-01,2027-01-31,1º Suplente,5999.0,Helenilson Pontes,2910.0,2019-02-01,,,,,,,http://jaderbarbalho.com.br/,
70,875,Renan Calheiros,José Renan Vasconcelos Calheiros,Masculino,Senador ,http://www.senado.leg.br/senadores/img/fotos-oficiais/senador70.jpg,http://www25.senado.leg.br/web/senadores/senador/-/perfil/70,sen.renancalheiros@senado.leg.br,MDB,AL,Não,Sim,33032261.0,1.0,Não,336.0,Bloco Parlamentar Democracia,BLDEM,2023-02-03,527.0,AL,Titular,56.0,2019-02-01,2023-01-31,57.0,2023-02-01,2027-01-31,1º Suplente,5913.0,Rafael Tenório,2992.0,2022-10-01,,,,2022-06-02,LCS,Licença com convocação de suplente (sup 120 dias),https://www.renancalheiros.com.br/,
285,849,Marcio Bittar,Marcio Miguel Bittar,Masculino,Senador ,http://www.senado.leg.br/senadores/img/fotos-oficiais/senador285.jpg,http://www25.senado.leg.br/web/senadores/senador/-/perfil/285,sen.marciobittar@senado.leg.br,UNIÃO,AC,Não,Não,33032115.0,1.0,Não,336.0,Bloco Parlamentar Democracia,BLDEM,2023-02-03,536.0,AC,Titular,56.0,2019-02-01,2023-01-31,57.0,2023-02-01,2027-01-31,1º Suplente,5902.0,Eduardo Velloso,2994.0,2022-10-15,,,,2022-05-31,LCS,Licença com convocação de suplente (sup 120 dias),,
345,856,Flávio Arns,Flávio José Arns,Masculino,Senador ,http://www.senado.leg.br/senadores/img/fotos-oficiais/senador345.jpg,http://www25.senado.leg.br/web/senadores/senador/-/perfil/345,sen.flavioarns@senado.leg.br,PSB,PR,Não,Não,33036301.0,1.0,Não,335.0,Bloco Parlamentar da Resistência Democrática,BLPRD,2023-02-01,540.0,PR,Titular,56.0,2019-02-01,2023-01-31,57.0,2023-02-01,2027-01-31,1º Suplente,5919.0,Vilson Basso,2903.0,2019-02-01,,,,,,,http://www.flavioarns.com.br,
470,815,Chico Rodrigues,Francisco de Assis Rodrigues,Masculino,Senador ,http://www.senado.leg.br/senadores/img/fotos-oficiais/senador470.jpg,http://www25.senado.leg.br/web/senadores/senador/-/perfil/470,sen.chicorodrigues@senado.leg.br,PSB,RR,Sim,Não,33032281.0,1.0,Não,335.0,Bloco Parlamentar da Resistência Democrática,BLPRD,2023-02-01,577.0,RR,Titular,56.0,2019-02-01,2023-01-31,57.0,2023-02-01,2027-01-31,1º Suplente,6023.0,Pedro Arthur,2965.0,2021-02-18,,,,2020-10-20,LP ,Licença Particular,,
475,867,Confúcio Moura,Confúcio Aires Moura,Masculino,Senador ,http://www.senado.leg.br/senadores/img/fotos-oficiais/senador475.jpg,http://www25.senado.leg.br/web/senadores/senador/-/perfil/475,sen.confuciomoura@senado.leg.br,MDB,RO,Não,Sim,33032470.0,1.0,Não,336.0,Bloco Parlamentar Democracia,BLDEM,2023-02-03,575.0,RO,Titular,56.0,2019-02-01,2023-01-31,57.0,2023-02-01,2027-01-31,1º Suplente,6019.0,Maria Eliza,2974.0,2022-01-25,,,,2021-09-24,LCS,Licença com convocação de suplente (sup 120 dias),https://senadorconfucio.com.br/,
581,833,Jaques Wagner,Jaques Wagner,Masculino,Senador ,http://www.senado.leg.br/senadores/img/fotos-oficiais/senador581.jpg,http://www25.senado.leg.br/web/senadores/senador/-/perfil/581,sen.jaqueswagner@senado.leg.br,PT,BA,Não,Sim,33036390.0,1.0,Não,335.0,Bloco Parlamentar da Resistência Democrática,BLPRD,2023-02-01,555.0,BA,Titular,56.0,2019-02-01,2023-01-31,57.0,2023-02-01,2027-01-31,1º Suplente,5554.0,Bebeto,2911.0,2019-02-01,,,,,,,https://pt-br.facebook.com/jaqueswagneroficial/,
631,869,Magno Malta,Magno Pereira Malta,Masculino,Senador ,http://www.senado.leg.br/senadores/img/fotos-oficiais/senador631.jpg,http://www25.senado.leg.br/web/senadores/senador/-/perfil/631,sen.magnomalta@senado.leg.br,PL,ES,Não,Sim,33036370.0,2.0,Não,338.0,Bloco Parlamentar Vanguarda,BLVANG,2023-02-01,600.0,ES,Titular,57.0,2023-02-01,2027-01-31,58.0,2027-02-01,2031-01-31,1º Suplente,6354.0,Marcinha Macedo,3011.0,2023-02-01,,,,,,,,
739,811,Ciro Nogueira,Ciro Nogueira Lima Filho,Masculino,Senador ,http://www.senado.leg.br/senadores/img/fotos-oficiais/senador739.jpg,http://www25.senado.leg.br/web/senadores/senador/-/perfil/739,sen.cironogueira@senado.leg.br,PP,PI,Não,Sim,33036187.0,1.0,Não,346.0,Bloco Parlamentar Aliança,BLALIANÇA,2023-03-20,524.0,PI,Titular,56.0,2019-02-01,2023-01-31,57.0,2023-02-01,2027-01-31,1º Suplente,5898.0,Eliane Nogueira,3004.0,2022-12-30,,,,2021-07-27,AFO,Afastamento do exercício,http://cironogueira.com.br,
742,813,Marcelo Castro,Marcelo Costa e Castro,Masculino,Senador ,http://www.senado.leg.br/senadores/img/fotos-oficiais/senador742.jpg,http://www25.senado.leg.br/web/senadores/senador/-/perfil/742,sen.marcelocastro@senado.leg.br,MDB,PI,Não,Sim,33034078.0,1.0,Não,336.0,Bloco Parlamentar Democracia,BLDEM,2023-02-03,539.0,PI,Titular,56.0,2019-02-01,2023-01-31,57.0,2023-02-01,2027-01-31,1º Suplente,5910.0,José Hamilton,2923.0,2019-02-01,,,,,,,,
825,859,Paulo Paim,Paulo Renato Paim,Masculino,Senador ,http://www.senado.leg.br/senadores/img/fotos-oficiais/senador825.jpg,http://www25.senado.leg.br/web/senadores/senador/-/perfil/825,sen.paulopaim@senado.leg.br,PT,RS,Não,Não,33035232.0,1.0,Não,335.0,Bloco Parlamentar da Resistência Democrática,BLPRD,2023-02-01,523.0,RS,Titular,56.0,2019-02-01,2023-01-31,57.0,2023-02-01,2027-01-31,1º Suplente,6017.0,Cleonice Back,2929.0,2019-02-01,,,,,,,http://www.senadorpaim.com.br/,
3777,872,Eduardo Gomes,Carlos Eduardo Torres Gomes,Masculino,Senador ,http://www.senado.leg.br/senadores/img/fotos-oficiais/senador3777.jpg,http://www25.senado.leg.br/web/senadores/senador/-/perfil/3777,sen.eduardogomes@senado.leg.br,PL,TO,Não,Sim,33036349.0,1.0,Não,338.0,Bloco Parlamentar Vanguarda,BLVANG,2023-02-01,568.0,TO,Titular,56.0,2019-02-01,2023-01-31,57.0,2023-02-01,2027-01-31,1º Suplente,6005.0,Siqueira Campos,2998.0,2022-11-11,,,,2022-07-18,LCS,Licença com convocação de suplente (sup 120 dias),,2019-08-15
3806,836,Zequinha Marinho,José da Cruz Marinho,Masculino,Senador ,http://www.senado.leg.br/senadores/img/fotos-oficiais/senador3806.jpg,http://www25.senado.leg.br/web/senadores/senador/-/perfil/3806,sen.zequinhamarinho@senado.leg.br,PODEMOS,PA,Não,Não,33036623.0,1.0,Não,353.0,Bloco Parlamentar Independência,BLIND,2024-04-09,566.0,PA,Titular,56.0,2019-02-01,2023-01-31,57.0,2023-02-01,2027-01-31,1º Suplente,6001.0,Arlindo Silva,2916.0,2019-02-01,,,,,,,,
3830,834,Davi Alcolumbre,David Samuel Alcolumbre Tobelem,Masculino,Senador ,http://www.senado.leg.br/senadores/img/fotos-oficiais/senador3830.jpg,http://www25.senado.leg.br/web/senadores/senador/-/perfil/3830,sen.davialcolumbre@senado.leg.br,UNIÃO,AP,Não,Sim,33036717.0,1.0,Não,336.0,Bloco Parlamentar Democracia,BLDEM,2023-02-03,618.0,AP,Titular,57.0,2023-02-01,2027-01-31,58.0,2027-02-01,2031-01-31,1º Suplente,5569.0,Josiel,3021.0,2023-02-01,,,,,,,,
4531,837,Jayme Campos,Jayme Veríssimo de Campos,Masculino,Senador ,http://www.senado.leg.br/senadores/img/fotos-oficiais/senador4531.jpg,http://www25.senado.leg.br/web/senadores/senador/-/perfil/4531,sen.jaymecampos@senado.leg.br,UNIÃO,MT,Não,Não,33032390.0,1.0,Não,336.0,Bloco Parlamentar Democracia,BLDEM,2023-02-03,553.0,MT,Titular,56.0,2019-02-01,2023-01-31,57.0,2023-02-01,2027-01-31,1º Suplente,5740.0,Fabio Garcia,2987.0,2022-07-30,,,,2022-04-06,LCS,Licença com convocação de suplente (sup 120 dias),,
4560,850,Sérgio Petecão,Sérgio de Oliveira Cunha,Masculino,Senador ,http://www.senado.leg.br/senadores/img/fotos-oficiais/senador4560.jpg,http://www25.senado.leg.br/web/senadores/senador/-/perfil/4560,sen.sergiopetecao@senado.leg.br,PSD,AC,Não,Não,33034086.0,1.0,Não,335.0,Bloco Parlamentar da Resistência Democrática,BLPRD,2023-02-01,520.0,AC,Titular,56.0,2019-02-01,2023-01-31,57.0,2023-02-01,2027-01-31,1º Suplente,5908.0,Maria das Vitórias,2997.0,2022-11-04,,,,2022-07-06,LCS,Licença com convocação de suplente (sup 120 dias),http://www.petecao.com.br/,
4639,877,Beto Faro,José Roberto Oliveira Faro,Masculino,Senador ,http://www.senado.leg.br/senadores/img/fotos-oficiais/senador4639.jpg,http://www25.senado.leg.br/web/senadores/senador/-/perfil/4639,sen.betofaro@senado.leg.br,PT,PA,Não,Sim,33035220.0,1.0,Não,335.0,Bloco Parlamentar da Resistência Democrática,BLPRD,2023-02-01,604.0,PA,Titular,57.0,2023-02-01,2027-01-31,58.0,2027-02-01,2031-01-31,1º Suplente,6364.0,Josenir,3020.0,2023-02-01,,,,,,,,
4770,851,Izalci Lucas,Izalci Lucas Ferreira,Masculino,Senador ,http://www.senado.leg.br/senadores/img/fotos-oficiais/senador4770.jpg,http://www25.senado.leg.br/web/senadores/senador/-/perfil/4770,sen.izalcilucas@senado.leg.br,PL,DF,Não,Sim,33036049.0,1.0,Não,338.0,Bloco Parlamentar Vanguarda,BLVANG,2023-02-01,552.0,DF,Titular,56.0,2019-02-01,2023-01-31,57.0,2023-02-01,2027-01-31,1º Suplente,5968.0,Luis Felipe Belmonte,2909.0,2019-02-01,,,,,,,,
4811,900,Laércio Oliveira,Laércio José de Oliveira,Masculino,Senador ,http://www.senado.leg.br/senadores/img/fotos-oficiais/senador4811.jpg,http://www25.senado.leg.br/web/senadores/senador/-/perfil/4811,sen.laerciooliveira@senado.leg.br,PP,SE,Não,Sim,33031763.0,1.0,Não,346.0,Bloco Parlamentar Aliança,BLALIANÇA,2023-03-20,614.0,SE,Titular,57.0,2023-02-01,2027-01-31,58.0,2027-02-01,2031-01-31,1º Suplente,6383.0,Janier,3025.0,2023-02-01,,,,,,,https://www.laerciooliveira.com.br/,
4994,802,Eduardo Braga,Carlos Eduardo de Souza Braga,Masculino,Senador ,http://www.senado.leg.br/senadores/img/fotos-oficiais/senador4994.jpg,http://www25.senado.leg.br/web/senadores/senador/-/perfil/4994,sen.eduardobraga@senado.leg.br,MDB,AM,Não,Sim,33036230.0,1.0,Não,336.0,Bloco Parlamentar Democracia,BLDEM,2023-02-03,521.0,AM,Titular,56.0,2019-02-01,2023-01-31,57.0,2023-02-01,2027-01-31,1º Suplente,5038.0,Sandra Braga,2893.0,2019-02-01,,,,,,,,
5008,824,Humberto Costa,Humberto Sérgio Costa Lima,Masculino,Senador ,http://www.senado.leg.br/senadores/img/fotos-oficiais/senador5008.jpg,http://www25.senado.leg.br/web/senadores/senador/-/perfil/5008,sen.humbertocosta@senado.leg.br,PT,PE,Não,Não,33036285.0,1.0,Não,335.0,Bloco Parlamentar da Resistência Democrática,BLPRD,2023-02-01,525.0,PE,Titular,56.0,2019-02-01,2023-01-31,57.0,2023-02-01,2027-01-31,1º Suplente,5914.0,Waldemar Oliveira,2907.0,2019-02-01,,,,,,,http://www.senadorhumberto.com.br/,
5012,827,Randolfe Rodrigues,Randolph Frederich Rodrigues Alves,Masculino,Senador ,http://www.senado.leg.br/senadores/img/fotos-oficiais/senador5012.jpg,http://www25.senado.leg.br/web/senadores/senador/-/perfil/5012,sen.randolferodrigues@senado.leg.br,S/Partido,AP,Não,Sim,33036777.0,1.0,Não,,,,,522.0,AP,Titular,56.0,2019-02-01,2023-01-31,57.0,2023-02-01,2027-01-31,1º Suplente,5923.0,Alberto David,2930.0,2019-02-01,,,,,,,https://www.facebook.com/randolferodrigues,
5070,870,Wilder Morais,Wilder Pedro de Morais,Masculino,Senador ,http://www.senado.leg.br/senadores/img/fotos-oficiais/senador5070.jpg,http://www25.senado.leg.br/web/senadores/senador/-/perfil/5070,sen.wildermorais@senado.leg.br,PL,GO,Não,Não,33036440.0,2.0,Não,338.0,Bloco Parlamentar Vanguarda,BLVANG,2023-02-01,601.0,GO,Titular,57.0,2023-02-01,2027-01-31,58.0,2027-02-01,2031-01-31,1º Suplente,6356.0,Izaura Cardoso,3023.0,2023-02-01,,,,,,,https://www.wildermorais.com.br/,
5322,840,Romário,Romario de Souza Faria,Masculino,Senador ,http://www.senado.leg.br/senadores/img/fotos-oficiais/senador5322.jpg,http://www25.senado.leg.br/web/senadores/senador/-/perfil/5322,sen.romario@senado.leg.br,PL,RJ,Não,Não,33036519.0,1.0,Não,338.0,Bloco Parlamentar Vanguarda,BLVANG,2023-02-01,620.0,RJ,Titular,57.0,2023-02-01,2027-01-31,58.0,2027-02-01,2031-01-31,1º Suplente,6372.0,Bruno Bonetti,3029.0,2023-02-01,,,,,,,http://romario.org/,
5352,830,Rogério Carvalho,Rogério Carvalho Santos,Masculino,Senador ,http://www.senado.leg.br/senadores/img/fotos-oficiais/senador5352.jpg,http://www25.senado.leg.br/web/senadores/senador/-/perfil/5352,sen.rogeriocarvalho@senado.leg.br,PT,SE,Sim,Não,33032201.0,1.0,Não,335.0,Bloco Parlamentar da Resistência Democrática,BLPRD,2023-02-01,579.0,SE,Titular,56.0,2019-02-01,2023-01-31,57.0,2023-02-01,2027-01-31,1º Suplente,5993.0,Jorge Mitidieri,2933.0,2019-02-01,,,,,,,,
5376,847,Mara Gabrilli,Mara Cristina Gabrilli,Feminino,Senadora ,http://www.senado.leg.br/senadores/img/fotos-oficiais/senador5376.jpg,http://www25.senado.leg.br/web/senadores/senador/-/perfil/5376,sen.maragabrilli@senado.leg.br,PSD,SP,Sim,Não,33032191.0,1.0,Não,335.0,Bloco Parlamentar da Resistência Democrática,BLPRD,2023-02-01,569.0,SP,Titular,56.0,2019-02-01,2023-01-31,57.0,2023-02-01,2027-01-31,1º Suplente,3651.0,Alfredo Cotait Neto,2922.0,2019-02-01,,,,,,,,
5385,883,Irajá,Irajá Silvestre Filho,Masculino,Senador ,http://www.senado.leg.br/senadores/img/fotos-oficiais/senador5385.jpg,http://www25.senado.leg.br/web/senadores/senador/-/perfil/5385,sen.iraja@senado.leg.br,PSD,TO,Não,Não,33036469.0,2.0,Não,335.0,Bloco Parlamentar da Resistência Democrática,BLPRD,2023-02-01,567.0,TO,Titular,56.0,2019-02-01,2023-01-31,57.0,2023-02-01,2027-01-31,1º Suplente,6287.0,Marcos de Souza Costa,2908.0,2019-02-01,,,,,,,,
5386,917,Professora Dorinha Seabra,Maria Auxiliadora Seabra Rezende,Feminino,Senadora ,http://www.senado.leg.br/senadores/img/fotos-oficiais/senador5386.jpg,http://www25.senado.leg.br/web/senadores/senador/-/perfil/5386,sen.professoradorinhaseabra@senado.leg.br,UNIÃO,TO,Não,Sim,33035990.0,1.0,Não,336.0,Bloco Parlamentar Democracia,BLDEM,2023-02-03,615.0,TO,Titular,57.0,2023-02-01,2027-01-31,58.0,2027-02-01,2031-01-31,1º Suplente,6387.0,Professora Lu,3022.0,2023-02-01,,,,,,,,
5411,808,Weverton,Weverton Rocha Marques de Sousa,Masculino,Senador ,http://www.senado.leg.br/senadores/img/fotos-oficiais/senador5411.jpg,http://www25.senado.leg.br/web/senadores/senador/-/perfil/5411,sen.wevertonrocha@senado.leg.br,PDT,MA,Sim,Sim,33034161.0,1.0,Não,353.0,Bloco Parlamentar Independência,BLIND,2024-04-09,529.0,MA,Titular,56.0,2019-02-01,2023-01-31,57.0,2023-02-01,2027-01-31,1º Suplente,5892.0,Roberth Bringel,2995.0,2022-11-04,,,,2022-07-06,LCS,Licença com convocação de suplente (sup 120 dias),,
5422,868,Marcos Rogério,Marcos Rogério da Silva Brito,Masculino,Senador ,http://www.senado.leg.br/senadores/img/fotos-oficiais/senador5422.jpg,http://www25.senado.leg.br/web/senadores/senador/-/perfil/5422,sen.marcosrogerio@senado.leg.br,PL,RO,Não,Sim,33036148.0,1.0,Não,338.0,Bloco Parlamentar Vanguarda,BLVANG,2023-02-01,576.0,RO,Titular,56.0,2019-02-01,2023-01-31,57.0,2023-02-01,2027-01-31,1º Suplente,6021.0,Dr. Samuel Araújo,3042.0,2023-06-12,,,,2022-12-14,LCS,Licença com convocação de suplente (sup 120 dias),,
5502,801,Plínio Valério,Francisco Plínio Valério Tomaz,Masculino,Senador ,http://www.senado.leg.br/senadores/img/fotos-oficiais/senador5502.jpg,http://www25.senado.leg.br/web/senadores/senador/-/perfil/5502,sen.pliniovalerio@senado.leg.br,PSDB,AM,Não,Sim,33032898.0,1.0,Não,353.0,Bloco Parlamentar Independência,BLIND,2024-04-09,573.0,AM,Titular,56.0,2019-02-01,2023-01-31,57.0,2023-02-01,2027-01-31,1º Suplente,6013.0,Carlos Alberto,2906.0,2019-02-01,,,,,,,,
5523,831,Otto Alencar,Otto Roberto Mendonça de Alencar,Masculino,Senador ,http://www.senado.leg.br/senadores/img/fotos-oficiais/senador5523.jpg,http://www25.senado.leg.br/web/senadores/senador/-/perfil/5523,sen.ottoalencar@senado.leg.br,PSD,BA,Não,Sim,33033172.0,1.0,Não,335.0,Bloco Parlamentar da Resistência Democrática,BLPRD,2023-02-01,622.0,BA,Titular,57.0,2023-02-01,2027-01-31,58.0,2027-02-01,2031-01-31,1º Suplente,6348.0,Terence Lessa,3030.0,2023-02-01,,,,,,,,
5525,803,Omar Aziz,Omar José Abdel Aziz,Masculino,Senador ,http://www.senado.leg.br/senadores/img/fotos-oficiais/senador5525.jpg,http://www25.senado.leg.br/web/senadores/senador/-/perfil/5525,sen.omaraziz@senado.leg.br,PSD,AM,Não,Sim,33036579.0,1.0,Não,335.0,Bloco Parlamentar da Resistência Democrática,BLPRD,2023-02-01,619.0,AM,Titular,57.0,2023-02-01,2027-01-31,58.0,2027-02-01,2031-01-31,1º Suplente,6334.0,Cheila Moreira,3031.0,2023-02-01,,,,,,,,
5672,800,Alan Rick,Alan Rick Miranda,Masculino,Senador ,http://www.senado.leg.br/senadores/img/fotos-oficiais/senador5672.jpg,http://www25.senado.leg.br/web/senadores/senador/-/perfil/5672,sen.alanrick@senado.leg.br,UNIÃO,AC,Não,Sim,33036333.0,1.0,Não,336.0,Bloco Parlamentar Democracia,BLDEM,2023-02-03,596.0,AC,Titular,57.0,2023-02-01,2027-01-31,58.0,2027-02-01,2031-01-31,1º Suplente,6343.0,Gemil Junior,3028.0,2023-02-01,,,,,,,,
5718,806,Eliziane Gama,Eliziane Pereira Gama Melo,Feminino,Senadora ,http://www.senado.leg.br/senadores/img/fotos-oficiais/senador5718.jpg,http://www25.senado.leg.br/web/senadores/senador/-/perfil/5718,sen.elizianegama@senado.leg.br,PSD,MA,Não,Sim,33036741.0,1.0,Não,335.0,Bloco Parlamentar da Resistência Democrática,BLPRD,2023-02-01,542.0,MA,Titular,56.0,2019-02-01,2023-01-31,57.0,2023-02-01,2027-01-31,1º Suplente,674.0,Pedro Fernandes,2900.0,2019-02-01,,,,,,,,
5732,844,Rodrigo Pacheco,Rodrigo Otavio Soares Pacheco,Masculino,Senador ,http://www.senado.leg.br/senadores/img/fotos-oficiais/senador5732.jpg,http://www25.senado.leg.br/web/senadores/senador/-/perfil/5732,sen.rodrigopacheco@senado.leg.br,PSD,MG,Sim,Não,33032794.0,1.0,Não,335.0,Bloco Parlamentar da Resistência Democrática,BLPRD,2023-02-01,562.0,MG,Titular,56.0,2019-02-01,2023-01-31,57.0,2023-02-01,2027-01-31,1º Suplente,5257.0,Renzo Braz,2931.0,2019-02-01,,,,,,,,
5736,876,Tereza Cristina,Tereza Cristina Correa da Costa Dias,Feminino,Senadora ,http://www.senado.leg.br/senadores/img/fotos-oficiais/senador5736.jpg,http://www25.senado.leg.br/web/senadores/senador/-/perfil/5736,sen.terezacristina@senado.leg.br,PP,MS,Não,Sim,33032431.0,1.0,Não,346.0,Bloco Parlamentar Aliança,BLALIANÇA,2023-03-20,595.0,MS,Titular,57.0,2023-02-01,2027-01-31,58.0,2027-02-01,2031-01-31,1º Suplente,6332.0,Tenente Portela,3012.0,2023-02-01,,,,,,,https://terezacristinams.com.br/,
5748,821,Veneziano Vital do Rêgo,Veneziano Vital do Rêgo Segundo Neto,Masculino,Senador ,http://www.senado.leg.br/senadores/img/fotos-oficiais/senador5748.jpg,http://www25.senado.leg.br/web/senadores/senador/-/perfil/5748,sen.venezianovitaldorego@senado.leg.br,MDB,PB,Sim,Não,33032252.0,1.0,Não,336.0,Bloco Parlamentar Democracia,BLDEM,2023-02-03,564.0,PB,Titular,56.0,2019-02-01,2023-01-31,57.0,2023-02-01,2027-01-31,1º Suplente,63.0,Ney Suassuna,2963.0,2021-01-22,,,,2020-09-23,LP ,Licença Particular,,
5783,818,Zenaide Maia,Zenaide Maia Calado Pereira dos Santos,Feminino,Senadora ,http://www.senado.leg.br/senadores/img/fotos-oficiais/senador5783.jpg,http://www25.senado.leg.br/web/senadores/senador/-/perfil/5783,sen.zenaidemaia@senado.leg.br,PSD,RN,Não,Sim,33032371.0,1.0,Não,335.0,Bloco Parlamentar da Resistência Democrática,BLPRD,2023-02-01,551.0,RN,Titular,56.0,2019-02-01,2023-01-31,57.0,2023-02-01,2027-01-31,1º Suplente,5965.0,Júnior Souto,2941.0,2019-02-01,,,,,,,https://zenaidesenadora.com.br/,
5793,893,Dr. Hiran,Hiran Manuel Gonçalves da Silva,Masculino,Senador ,http://www.senado.leg.br/senadores/img/fotos-oficiais/senador5793.jpg,http://www25.senado.leg.br/web/senadores/senador/-/perfil/5793,sen.drhiran@senado.leg.br,PP,RR,Sim,Não,33036251.0,1.0,Não,346.0,Bloco Parlamentar Aliança,BLALIANÇA,2023-03-20,611.0,RR,Titular,57.0,2023-02-01,2027-01-31,58.0,2027-02-01,2031-01-31,1º Suplente,6378.0,Jr Rodrigues,3027.0,2023-02-01,,,,,,,,
5894,841,Flávio Bolsonaro,Flávio Nantes Bolsonaro,Masculino,Senador ,http://www.senado.leg.br/senadores/img/fotos-oficiais/senador5894.jpg,http://www25.senado.leg.br/web/senadores/senador/-/perfil/5894,sen.flaviobolsonaro@senado.leg.br,PL,RJ,Não,Não,33031717.0,1.0,Não,338.0,Bloco Parlamentar Vanguarda,BLVANG,2023-02-01,532.0,RJ,Titular,56.0,2019-02-01,2023-01-31,57.0,2023-02-01,2027-01-31,1º Suplente,5901.0,Paulo Marinho,2904.0,2019-02-01,,,,,,,,
5895,863,Jorge Kajuru,Jorge Kajuru Reis da Costa Nasser,Masculino,Senador ,http://www.senado.leg.br/senadores/img/fotos-oficiais/senador5895.jpg,http://www25.senado.leg.br/web/senadores/senador/-/perfil/5895,sen.jorgekajuru@senado.leg.br,PSB,GO,Não,Sim,33032844.0,1.0,Não,335.0,Bloco Parlamentar da Resistência Democrática,BLPRD,2023-02-01,533.0,GO,Titular,56.0,2019-02-01,2023-01-31,57.0,2023-02-01,2027-01-31,1º Suplente,5896.0,Benjamin Beze Junior,2914.0,2019-02-01,,,,,,,,
5899,864,Vanderlan Cardoso,Vanderlan Vieira Cardoso,Masculino,Senador ,http://www.senado.leg.br/senadores/img/fotos-oficiais/senador5899.jpg,http://www25.senado.leg.br/web/senadores/senador/-/perfil/5899,sen.vanderlancardoso@senado.leg.br,PSD,GO,Não,Não,33032092.0,1.0,Não,335.0,Bloco Parlamentar da Resistência Democrática,BLPRD,2023-02-01,538.0,GO,Titular,56.0,2019-02-01,2023-01-31,57.0,2023-02-01,2027-01-31,1º Suplente,453.0,Pedro Chaves,2938.0,2019-02-01,,,,,,,,
5905,874,Rodrigo Cunha,Rodrigo Santos Cunha,Masculino,Senador ,http://www.senado.leg.br/senadores/img/fotos-oficiais/senador5905.jpg,http://www25.senado.leg.br/web/senadores/senador/-/perfil/5905,sen.rodrigocunha@senado.leg.br,PODEMOS,AL,Sim,Sim,33036083.0,1.0,Não,353.0,Bloco Parlamentar Independência,BLIND,2024-04-09,537.0,AL,Titular,56.0,2019-02-01,2023-01-31,57.0,2023-02-01,2027-01-31,1º Suplente,5906.0,Dra. Eudócia,2991.0,2022-09-22,,,,2022-05-23,LCS,Licença com convocação de suplente (sup 120 dias),,
5917,923,Fernando Dueire,Fernando Antonio Caminha Dueire,Masculino,Senador ,http://www.senado.leg.br/senadores/img/fotos-oficiais/senador5917.jpg,http://www25.senado.leg.br/web/senadores/senador/-/perfil/5917,sen.fernandodueire@senado.leg.br,MDB,PE,Não,Não,33033522.0,1.0,Não,336.0,Bloco Parlamentar Democracia,BLDEM,2023-02-03,526.0,PE,1º Suplente,56.0,2019-02-01,2023-01-31,57.0,2023-02-01,2027-01-31,2º Suplente,5918.0,Adilson Gomes,3058.0,2023-09-04,Titular,4545.0,Jarbas Vasconcelos,2023-09-04,RET,Retorno do titular,,
5924,857,Oriovisto Guimarães,Oriovisto Guimaraes,Masculino,Senador ,http://www.senado.leg.br/senadores/img/fotos-oficiais/senador5924.jpg,http://www25.senado.leg.br/web/senadores/senador/-/perfil/5924,sen.oriovistoguimaraes@senado.leg.br,PODEMOS,PR,Não,Não,33031635.0,1.0,Não,353.0,Bloco Parlamentar Independência,BLIND,2024-04-09,541.0,PR,Titular,56.0,2019-02-01,2023-01-31,57.0,2023-02-01,2027-01-31,1º Suplente,5921.0,Paulo Salamuni,2928.0,2019-02-01,,,,,,,http://www.oriovistoguimaraes.com.br/,
5926,905,Lucas Barreto,Luiz Cantuária Barreto,Masculino,Senador ,http://www.senado.leg.br/senadores/img/fotos-oficiais/senador5926.jpg,http://www25.senado.leg.br/web/senadores/senador/-/perfil/5926,sen.lucasbarreto@senado.leg.br,PSD,AP,Não,Sim,33034851.0,1.0,Não,335.0,Bloco Parlamentar da Resistência Democrática,BLPRD,2023-02-01,543.0,AP,Titular,56.0,2019-02-01,2023-01-31,57.0,2023-02-01,2027-01-31,1º Suplente,5927.0,Paulo Albuquerque,2955.0,2020-04-20,,,,2019-12-16,LS ,Licença saúde,,2019-12-17
5936,949,Carlos Portinho,Carlos Francisco Portinho,Masculino,Senador ,http://www.senado.leg.br/senadores/img/fotos-oficiais/senador5936.jpg,http://www25.senado.leg.br/web/senadores/senador/-/perfil/5936,sen.carlosportinho@senado.leg.br,PL,RJ,Não,Sim,33036640.0,1.0,Não,338.0,Bloco Parlamentar Vanguarda,BLVANG,2023-02-01,545.0,RJ,1º Suplente,56.0,2019-02-01,2023-01-31,57.0,2023-02-01,2027-01-31,2º Suplente,5934.0,Renata Guerra,2959.0,2020-11-03,Titular,751.0,Arolde de Oliveira,,,,https://carlosportinho.com.br/,
5942,862,Marcos do Val,Marcos Ribeiro do Val,Masculino,Senador ,http://www.senado.leg.br/senadores/img/fotos-oficiais/senador5942.jpg,http://www25.senado.leg.br/web/senadores/senador/-/perfil/5942,sen.marcosdoval@senado.leg.br,PODEMOS,ES,Não,Sim,33036747.0,1.0,Não,353.0,Bloco Parlamentar Independência,BLIND,2024-04-09,547.0,ES,Titular,56.0,2019-02-01,2023-01-31,57.0,2023-02-01,2027-01-31,1º Suplente,5944.0,Rosana Foerst,2925.0,2019-02-01,,,,,,,,
5953,835,Fabiano Contarato,Fabiano Contarato,Masculino,Senador ,http://www.senado.leg.br/senadores/img/fotos-oficiais/senador5953.jpg,http://www25.senado.leg.br/web/senadores/senador/-/perfil/5953,sen.fabianocontarato@senado.leg.br,PT,ES,Não,Não,33039054.0,1.0,Não,335.0,Bloco Parlamentar da Resistência Democrática,BLPRD,2023-02-01,548.0,ES,Titular,56.0,2019-02-01,2023-01-31,57.0,2023-02-01,2027-01-31,1º Suplente,5950.0,Ana Paula Tongo,2902.0,2019-02-01,,,,,,,,
5959,817,Styvenson Valentim,Eann Styvenson Valentim Mendes,Masculino,Senador ,http://www.senado.leg.br/senadores/img/fotos-oficiais/senador5959.jpg,http://www25.senado.leg.br/web/senadores/senador/-/perfil/5959,sen.styvensonvalentim@senado.leg.br,PODEMOS,RN,Sim,Sim,33031148.0,2.0,Não,353.0,Bloco Parlamentar Independência,BLIND,2024-04-09,550.0,RN,Titular,56.0,2019-02-01,2023-01-31,57.0,2023-02-01,2027-01-31,1º Suplente,5962.0,Alisson Taveira,2899.0,2019-02-01,,,,,,,,
5967,832,Angelo Coronel,Angelo Mario Coronel de Azevedo Martins,Masculino,Senador ,http://www.senado.leg.br/senadores/img/fotos-oficiais/senador5967.jpg,http://www25.senado.leg.br/web/senadores/senador/-/perfil/5967,sen.angelocoronel@senado.leg.br,PSD,BA,Não,Não,33036103.0,1.0,Não,335.0,Bloco Parlamentar da Resistência Democrática,BLPRD,2023-02-01,554.0,BA,Titular,56.0,2019-02-01,2023-01-31,57.0,2023-02-01,2027-01-31,1º Suplente,5837.0,Davidson Magalhães,2889.0,2019-02-01,,,,,,,,
5973,825,Cid Gomes,Cid Ferreira Gomes,Masculino,Senador ,http://www.senado.leg.br/senadores/img/fotos-oficiais/senador5973.jpg,http://www25.senado.leg.br/web/senadores/senador/-/perfil/5973,sen.cidgomes@senado.leg.br,PSB,CE,Não,Não,33036460.0,1.0,Não,335.0,Bloco Parlamentar da Resistência Democrática,BLPRD,2023-02-01,556.0,CE,Titular,56.0,2019-02-01,2023-01-31,57.0,2023-02-01,2027-01-31,1º Suplente,5971.0,Prisco Bezerra,3006.0,2023-01-04,,,,2022-09-05,LCS,Licença com convocação de suplente (sup 120 dias),https://cidgomes.com.br/,
5976,826,Eduardo Girão,Luis Eduardo Grangeiro Girão,Masculino,Senador ,http://www.senado.leg.br/senadores/img/fotos-oficiais/senador5976.jpg,http://www25.senado.leg.br/web/senadores/senador/-/perfil/5976,sen.eduardogirao@senado.leg.br,NOVO,CE,Não,Sim,33036677.0,1.0,Não,338.0,Bloco Parlamentar Vanguarda,BLVANG,2023-02-01,557.0,CE,Titular,56.0,2019-02-01,2023-01-31,57.0,2023-02-01,2027-01-31,1º Suplente,5974.0,Sargento Reginaldo,2920.0,2019-02-01,,,,,,,,
5979,853,Leila Barros,Leila Gomes de Barros Rêgo,Feminino,Senadora ,http://www.senado.leg.br/senadores/img/fotos-oficiais/senador5979.jpg,http://www25.senado.leg.br/web/senadores/senador/-/perfil/5979,sen.leilabarros@senado.leg.br,PDT,DF,Não,Sim,33036427.0,2.0,Não,353.0,Bloco Parlamentar Independência,BLIND,2024-04-09,558.0,DF,Titular,56.0,2019-02-01,2023-01-31,57.0,2023-02-01,2027-01-31,1º Suplente,5977.0,Leany Lemos,2918.0,2019-02-01,,,,,,,https://www.leiladovolei.com.br/,
5982,829,Alessandro Vieira,Alessandro Vieira,Masculino,Senador ,http://www.senado.leg.br/senadores/img/fotos-oficiais/senador5982.jpg,http://www25.senado.leg.br/web/senadores/senador/-/perfil/5982,sen.alessandrovieira@senado.leg.br,MDB,SE,Não,Não,33039011.0,1.0,Não,336.0,Bloco Parlamentar Democracia,BLDEM,2023-02-03,559.0,SE,Titular,56.0,2019-02-01,2023-01-31,57.0,2023-02-01,2027-01-31,1º Suplente,5980.0,Fernando Carvalho,2888.0,2019-02-01,,,,,,,,
5985,858,Nelsinho Trad,Nelson Trad Filho,Masculino,Senador ,http://www.senado.leg.br/senadores/img/fotos-oficiais/senador5985.jpg,http://www25.senado.leg.br/web/senadores/senador/-/perfil/5985,sen.nelsinhotrad@senado.leg.br,PSD,MS,Não,Não,33036767.0,1.0,Não,335.0,Bloco Parlamentar da Resistência Democrática,BLPRD,2023-02-01,560.0,MS,Titular,56.0,2019-02-01,2023-01-31,57.0,2023-02-01,2027-01-31,1º Suplente,5983.0,José Chagas,2927.0,2019-02-01,,,,,,,https://www.nelsinhotrad.com.br/,
5988,854,Soraya Thronicke,Soraya Vieira Thronicke,Feminino,Senadora ,http://www.senado.leg.br/senadores/img/fotos-oficiais/senador5988.jpg,http://www25.senado.leg.br/web/senadores/senador/-/perfil/5988,sen.sorayathronicke@senado.leg.br,PODEMOS,MS,Não,Sim,33031775.0,1.0,Não,353.0,Bloco Parlamentar Independência,BLIND,2024-04-09,561.0,MS,Titular,56.0,2019-02-01,2023-01-31,57.0,2023-02-01,2027-01-31,1º Suplente,5986.0,Rodolfo Nogueira,2937.0,2019-02-01,,,,,,,,
5990,843,Carlos Viana,Carlos Alberto Dias Viana,Masculino,Senador ,http://www.senado.leg.br/senadores/img/fotos-oficiais/senador5990.jpg,http://www25.senado.leg.br/web/senadores/senador/-/perfil/5990,sen.carlosviana@senado.leg.br,PODEMOS,MG,Não,Não,33033100.0,1.0,Não,353.0,Bloco Parlamentar Independência,BLIND,2024-04-09,563.0,MG,Titular,56.0,2019-02-01,2023-01-31,57.0,2023-02-01,2027-01-31,1º Suplente,5991.0,Castellar Guimarães Neto,2892.0,2019-02-01,,,,,,,,
5998,820,Daniella Ribeiro,Daniella Velloso Borges Ribeiro,Feminino,Senadora ,http://www.senado.leg.br/senadores/img/fotos-oficiais/senador5998.jpg,http://www25.senado.leg.br/web/senadores/senador/-/perfil/5998,sen.daniellaribeiro@senado.leg.br,PSD,PB,Não,Sim,33036788.0,1.0,Não,335.0,Bloco Parlamentar da Resistência Democrática,BLPRD,2023-02-01,565.0,PB,Titular,56.0,2019-02-01,2023-01-31,57.0,2023-02-01,2027-01-31,1º Suplente,5996.0,Diego Tavares,2964.0,2021-01-22,,,,2020-09-23,LP ,Licença Particular,,
6008,935,Giordano,Alexandre Luiz Giordano,Masculino,Senador ,http://www.senado.leg.br/senadores/img/fotos-oficiais/senador6008.jpg,http://www25.senado.leg.br/web/senadores/senador/-/perfil/6008,sen.giordano@senado.leg.br,MDB,SP,Não,Sim,33034177.0,1.0,Não,336.0,Bloco Parlamentar Democracia,BLDEM,2023-02-03,570.0,SP,1º Suplente,56.0,2019-02-01,2023-01-31,57.0,2023-02-01,2027-01-31,,,,2966.0,2021-03-31,Titular,5666.0,Major Olimpio,,,,,
6009,902,Astronauta Marcos Pontes,Marcos Cesar Pontes,Masculino,Senador ,http://www.senado.leg.br/senadores/img/fotos-oficiais/senador6009.jpg,http://www25.senado.leg.br/web/senadores/senador/-/perfil/6009,sen.astronautamarcospontes@senado.leg.br,PL,SP,Não,Sim,33031177.0,1.0,Não,338.0,Bloco Parlamentar Vanguarda,BLVANG,2023-02-01,617.0,SP,Titular,57.0,2023-02-01,2027-01-31,58.0,2027-02-01,2031-01-31,1º Suplente,6385.0,Professor Alberto,3017.0,2023-02-01,,,,,,,,
6010,914,Ivete da Silveira,Ivete Marli Appel da Silveira,Feminino,Senadora ,http://www.senado.leg.br/senadores/img/fotos-oficiais/senador6010.jpg,http://www25.senado.leg.br/web/senadores/senador/-/perfil/6010,sen.ivetedasilveira@senado.leg.br,MDB,SC,Sim,Não,33032200.0,1.0,Não,336.0,Bloco Parlamentar Democracia,BLDEM,2023-02-03,571.0,SC,1º Suplente,56.0,2019-02-01,2023-01-31,57.0,2023-02-01,2027-01-31,2º Suplente,6011.0,Beto Martins,3003.0,2022-12-30,Titular,5350.0,Jorginho Mello,2022-12-20,RET,Retorno do titular,,
6015,950,Ireneu Orth,Ireneu Orth,Masculino,Senador ,http://www.senado.leg.br/senadores/img/fotos-oficiais/senador6015.jpg,http://www25.senado.leg.br/web/senadores/senador/-/perfil/6015,sen.ireneuorth@senado.leg.br,PP,RS,Não,Não,33034124.0,1.0,Não,346.0,Bloco Parlamentar Aliança,BLALIANÇA,2023-03-20,574.0,RS,1º Suplente,56.0,2019-02-01,2023-01-31,57.0,2023-02-01,2027-01-31,2º Suplente,6016.0,Drica de Lucena,3060.0,2024-04-10,Titular,1186.0,Luis Carlos Heinze,,,,,
6027,881,Mecias de Jesus,Antônio Mecias Pereira de Jesus,Masculino,Senador ,http://www.senado.leg.br/senadores/img/fotos-oficiais/senador6027.jpg,http://www25.senado.leg.br/web/senadores/senador/-/perfil/6027,sen.meciasdejesus@senado.leg.br,REPUBLICANOS,RR,Sim,Sim,33035291.0,1.0,Não,346.0,Bloco Parlamentar Aliança,BLALIANÇA,2023-03-20,578.0,RR,Titular,56.0,2019-02-01,2023-01-31,57.0,2023-02-01,2027-01-31,1º Suplente,6025.0,Enfermeira Roberta,2890.0,2019-02-01,,,,,,,,
6304,910,Margareth Buzetti,Margareth Gettert Busetti,Feminino,Senadora ,http://www.senado.leg.br/senadores/img/fotos-oficiais/senador6304.jpg,http://www25.senado.leg.br/web/senadores/senador/-/perfil/6304,sen.margarethbuzetti@senado.leg.br,PSD,MT,Não,Não,33036408.0,1.0,Não,335.0,Bloco Parlamentar da Resistência Democrática,BLPRD,2023-02-01,592.0,MT,1º Suplente,56.0,2019-02-01,2023-01-31,57.0,2023-02-01,2027-01-31,2º Suplente,6305.0,José Esteves de Lacerda Filho,3055.0,2023-12-21,Titular,6295.0,Carlos Fávaro,2023-12-12,RET,Retorno do titular,,
6331,886,Sergio Moro,Sergio Fernando Moro,Masculino,Senador ,http://www.senado.leg.br/senadores/img/fotos-oficiais/senador6331.jpg,http://www25.senado.leg.br/web/senadores/senador/-/perfil/6331,sen.sergiomoro@senado.leg.br,UNIÃO,PR,Não,Não,33036202.0,1.0,Não,336.0,Bloco Parlamentar Democracia,BLDEM,2023-02-03,608.0,PR,Titular,57.0,2023-02-01,2027-01-31,58.0,2027-02-01,2031-01-31,1º Suplente,6370.0,Luis Felipe Cunha,3015.0,2023-02-01,,,,,,,,
6335,866,Damares Alves,Damares Regina Alves,Feminino,Senadora ,http://www.senado.leg.br/senadores/img/fotos-oficiais/senador6335.jpg,http://www25.senado.leg.br/web/senadores/senador/-/perfil/6335,sen.damaresalves@senado.leg.br,REPUBLICANOS,DF,Não,Sim,33033265.0,1.0,Não,346.0,Bloco Parlamentar Aliança,BLALIANÇA,2023-03-20,599.0,DF,Titular,57.0,2023-02-01,2027-01-31,58.0,2027-02-01,2031-01-31,1º Suplente,6352.0,Manoel Arruda,3018.0,2023-02-01,,,,,,,,
6337,873,Cleitinho,Cleiton Gontijo de Azevedo,Masculino,Senador ,http://www.senado.leg.br/senadores/img/fotos-oficiais/senador6337.jpg,http://www25.senado.leg.br/web/senadores/senador/-/perfil/6337,sen.cleitinho@senado.leg.br,REPUBLICANOS,MG,Não,Não,33033811.0,1.0,Não,346.0,Bloco Parlamentar Aliança,BLALIANÇA,2023-03-20,603.0,MG,Titular,57.0,2023-02-01,2027-01-31,58.0,2027-02-01,2031-01-31,1º Suplente,6360.0,Alex Diniz,3034.0,2023-02-01,,,,,,,,
6338,879,Teresa Leitão,Maria Teresa Leitão de Melo,Feminino,Senadora ,http://www.senado.leg.br/senadores/img/fotos-oficiais/senador6338.jpg,http://www25.senado.leg.br/web/senadores/senador/-/perfil/6338,sen.teresaleitao@senado.leg.br,PT,PE,Não,Sim,33032423.0,1.0,Não,335.0,Bloco Parlamentar da Resistência Democrática,BLPRD,2023-02-01,606.0,PE,Titular,57.0,2023-02-01,2027-01-31,58.0,2027-02-01,2031-01-31,1º Suplente,4768.0,Silvio Costa,3019.0,2023-02-01,,,,,,,,
6340,891,Jaime Bagattoli,Jaime Maximino Bagattoli,Masculino,Senador ,http://www.senado.leg.br/senadores/img/fotos-oficiais/senador6340.jpg,http://www25.senado.leg.br/web/senadores/senador/-/perfil/6340,sen.jaimebagattoli@senado.leg.br,PL,RO,Não,Sim,33032714.0,1.0,Não,338.0,Bloco Parlamentar Vanguarda,BLVANG,2023-02-01,610.0,RO,Titular,57.0,2023-02-01,2027-01-31,58.0,2027-02-01,2031-01-31,1º Suplente,5617.0,Pastor Valadares,3026.0,2023-02-01,,,,,,,,
6341,894,Hamilton Mourão,Antonio Hamilton Martins Mourão,Masculino,Senador ,http://www.senado.leg.br/senadores/img/fotos-oficiais/senador6341.jpg,http://www25.senado.leg.br/web/senadores/senador/-/perfil/6341,sen.hamiltonmourao@senado.leg.br,REPUBLICANOS,RS,Não,Sim,33031837.0,1.0,Não,346.0,Bloco Parlamentar Aliança,BLALIANÇA,2023-03-20,612.0,RS,Titular,57.0,2023-02-01,2027-01-31,58.0,2027-02-01,2031-01-31,1º Suplente,6112.0,Liziane Bayer,3033.0,2023-02-01,,,,,,,,
6342,897,Jorge Seif,Jorge Seif Júnior,Masculino,Senador ,http://www.senado.leg.br/senadores/img/fotos-oficiais/senador6342.jpg,http://www25.senado.leg.br/web/senadores/senador/-/perfil/6342,sen.jorgeseif@senado.leg.br,PL,SC,Não,Sim,33033784.0,1.0,Não,338.0,Bloco Parlamentar Vanguarda,BLVANG,2023-02-01,613.0,SC,Titular,57.0,2023-02-01,2027-01-31,58.0,2027-02-01,2031-01-31,1º Suplente,6381.0,Hermes Klann,3024.0,2023-02-01,,,,,,,,
6345,929,Fernando Farias,Fernando Lopes de Farias,Masculino,Senador ,http://www.senado.leg.br/senadores/img/fotos-oficiais/senador6345.jpg,http://www25.senado.leg.br/web/senadores/senador/-/perfil/6345,sen.fernandofarias@senado.leg.br,MDB,AL,Não,Não,33036266.0,1.0,Não,336.0,Bloco Parlamentar Democracia,BLDEM,2023-02-03,597.0,AL,1º Suplente,57.0,2023-02-01,2027-01-31,58.0,2027-02-01,2031-01-31,2º Suplente,6346.0,Adélia Maria,3054.0,2023-12-21,Titular,5207.0,Renan Filho,2023-12-12,RET,Retorno do titular,,
6351,934,Janaína Farias,Janaina Carla Farias,Feminino,Senadora ,http://www.senado.leg.br/senadores/img/fotos-oficiais/senador6351.jpg,http://www25.senado.leg.br/web/senadores/senador/-/perfil/6351,sen.janainafarias@senado.leg.br,PT,CE,Não,Não,33035940.0,1.0,Não,335.0,Bloco Parlamentar da Resistência Democrática,BLPRD,2023-02-01,598.0,CE,2º Suplente,57.0,2023-02-01,2027-01-31,58.0,2027-02-01,2031-01-31,1º Suplente,6350.0,Augusta Brito,3059.0,2024-04-02,Titular,6336.0,Camilo Santana,,,,,
6358,920,Ana Paula Lobato,Ana Paula Dias Lobato Nova Alves,Feminino,Senadora ,http://www.senado.leg.br/senadores/img/fotos-oficiais/senador6358.jpg,http://www25.senado.leg.br/web/senadores/senador/-/perfil/6358,sen.anapaulalobato@senado.leg.br,PDT,MA,Não,Sim,33032967.0,1.0,Não,353.0,Bloco Parlamentar Independência,BLIND,2024-04-09,602.0,MA,1º Suplente,57.0,2023-02-01,2027-01-31,58.0,2027-02-01,2031-01-31,2º Suplente,6359.0,Lourdinha,3057.0,2024-02-21,Titular,4605.0,Flávio Dino,2024-01-31,RET,Retorno do titular,,
6363,940,Rosana Martinelli,Rosana Tereza Martinelli,Feminino,Senadora ,http://www.senado.leg.br/senadores/img/fotos-oficiais/senador6363.jpg,http://www25.senado.leg.br/web/senadores/senador/-/perfil/6363,sen.rosanamartinelli@senado.leg.br,PL,MT,Não,Não,33036219.0,1.0,Não,338.0,Bloco Parlamentar Vanguarda,BLVANG,2023-02-01,621.0,MT,2º Suplente,57.0,2023-02-01,2027-01-31,58.0,2027-02-01,2031-01-31,1º Suplente,6362.0,Mauro Carvalho Junior,3061.0,2024-06-12,Titular,1173.0,Wellington Fagundes,,,,,
6366,939,André Amaral,Andre Augusto Castro do Amaral,Masculino,Senador ,http://www.senado.leg.br/senadores/img/fotos-oficiais/senador6366.jpg,http://www25.senado.leg.br/web/senadores/senador/-/perfil/6366,sen.andreamaral@senado.leg.br,UNIÃO,PB,Não,Não,33035934.0,1.0,Não,336.0,Bloco Parlamentar Democracia,BLDEM,2023-02-03,605.0,PB,1º Suplente,57.0,2023-02-01,2027-01-31,58.0,2027-02-01,2031-01-31,2º Suplente,6367.0,Erik Marinho,3063.0,2024-06-20,Titular,4642.0,Efraim Filho,,,,,
6369,931,Jussara Lima,Antônia Jussara Gomes Alves Sousa Lima,Feminino,Senadora ,http://www.senado.leg.br/senadores/img/fotos-oficiais/senador6369.jpg,http://www25.senado.leg.br/web/senadores/senador/-/perfil/6369,sen.jussaralima@senado.leg.br,PSD,PI,Não,Não,33035800.0,1.0,Não,335.0,Bloco Parlamentar da Resistência Democrática,BLPRD,2023-02-01,607.0,PI,1º Suplente,57.0,2023-02-01,2027-01-31,58.0,2027-02-01,2031-01-31,2º Suplente,5849.0,José Amauri,3053.0,2023-12-14,Titular,5016.0,Wellington Dias,2023-12-12,RET,Retorno do titular,,
6374,938,Flavio Azevedo,Flávio José Cavalcanti de Azevedo,Masculino,Senador ,http://www.senado.leg.br/senadores/img/fotos-oficiais/senador6374.jpg,http://www25.senado.leg.br/web/senadores/senador/-/perfil/6374,sen.flavioazevedo@senado.leg.br,PL,RN,Não,Não,33031826.0,2.0,Não,338.0,Bloco Parlamentar Vanguarda,BLVANG,2023-02-01,616.0,RN,1º Suplente,57.0,2023-02-01,2027-01-31,58.0,2027-02-01,2031-01-31,2º Suplente,6375.0,Igor Targino,3062.0,2024-06-19,Titular,4694.0,Rogerio Marinho,,,,,
