codigoParlamentar,CodigoMateria,Ementa,IndicadorAutorPrincipal,AnoMateria,AutoriasSigla
6341,155873,Sessão Especial para comemorar o Dia do Advogado.,Não,2023,RQS
6341,161174,"Requer calendário especial para a Proposta de Emenda à Constituição nº 8, de 2021.",Não,2023,RQS
6341,157117,Requer destaque de Votação em Separado do art. 202 do PL 1825,Sim,2023,RQS
6341,162070,Requer a realização de Sessão Especial destinada a celebrar o Dia do Jovem Candango e os 11 anos do Programa Jovem Candango.,Não,2024,RQS
6341,162071,"Requer a realização de Sessão Especial destinada a celebrar, em 15 de outubro de 2024, o bicentenário da Magistratura de Paz no Brasil, bem como reconhecer e valorizar o esforço laboral dos Juízes de Paz, cuja atuação desempenha papel de fundamental relevância na administração da justiça.",Não,2024,RQS
6341,162750,Requer a realização de Sessão Especial destinada a celebrar os 45 anos de regulamentação da Profissão de Biólogo.,Sim,2024,RQS
6341,163595,Dispõe sobre o Benefício Eventual por Desastre e o Serviço de Proteção em Situações de Calamidades Públicas e Emergências e dá outras providências.,Sim,2024,PL
6341,162942,"Requer, nos termos do art. 93, I, do Regimento Interno do Senado Federal, a realização de audiência pública, com o objetivo de instruir o PL 1355/2023, que “estabelece normas gerais sobre a criação e funcionamento das organizações da sociedade civil de bombeiros voluntários”.",Sim,2024,REQ
6341,162299,Requer a realização de Sessão Especial destinada a celebrar o Dia Mundial das Águas.,Não,2024,RQS
6341,163364,Solicita que a Emenda 21-U ao PLP 233/2023 seja apreciada em Plenário.,Não,2024,R.S
6341,162704,Requer a realização de Sessão Especial destinada a celebrar os 45 anos do Sindicato das Entidades Mantenedoras de Estabelecimentos de Ensino Superior no Estado de São Paulo (SEMESP).,Não,2024,RQS
6341,164463,"Torna impositiva a execução das emendas apresentadas pelas comissões permanentes da Câmara dos Deputados, do Senado Federal e do Congresso Nacional.",Não,2024,PEC
6341,163909,"Requer a realização de Diligência Externa para que a CTE-RS conheça, in loco, a situação crítica do povo gaúcho.",Sim,2024,REQ
6341,162835,"Requer licença para desempenhar missão oficial, a fim de participar do Nabshow, em Las Vegas, Estados unidos.",Sim,2024,REQ
6341,162262,"Requer, nos termos do art. 58, § 2°, II e V, da Constituição Federal, que seja convidado o Exmo. Sr. Volodymyr Zelensky, Presidente da Ucrânia, a comparecer a esta Comissão, a fim de debater a dificuldade que a Ucrânia tem enfrentado em estabelecer relações diplomáticas com o nosso país, demonstrada pela demora do governo brasileiro em convidar o Chanceler ucraniano DmytroKuleba para visitar o Brasil.",Não,2024,REQ
6341,162162,"Requer, nos termos 58, §2º, II, da Constituição Federal e 93, II, do Regimento Interno do Senado Federal, a realização de audiência pública para debater o alcoolismo na adolescência no Brasil.",Não,2024,REQ
6341,162161,"Requer  nos termos art. 58, §2º, II, da Constituição Federal e 93, II, do Regimento Interno do Senado Federal, a realização de audiência pública para debater sobre o uso de cigarros eletrônicos.",Não,2024,REQ
6341,162080,Requer a realização de Sessão Especial destinada a celebrar os 100 anos de fundação da Sociedade Brasileira de Eubiose.,Não,2024,RQS
6341,163216,Requer a realização de Sessão Especial destinada a celebrar os 84 anos da ABNT.,Não,2024,RQS
6341,163215,"Requer a constituição de uma Comissão Temporária Externa composta de 11 (onze) membros titulares para, no prazo de 120 (cento e vinte) dias, acompanhar investigação da Câmara dos Representantes dos Estados Unidos da América (United States House of Representatives) sobre denúncias oferecidas pelo empresário Elon Musk e a empresa X (antigo Twitter) acerca de possíveis violações de preceitos fundamentais da Constituição Federal e de ameaças a direitos e garantias individuais que estariam tendo lugar em nosso país.",Não,2024,RQS
6341,162259,"Requer realização de Sessão Especial a fim de conscientizar a população quanto ao ""Dia Internacional da Síndrome de Down"".",Não,2024,RQS
6341,163289,Requer a realização de Sessão Especial destinada a homenagear os Servidores Públicos do Senado Federal.,Não,2024,RQS
6341,162681,Requer a inclusão em Ordem do Dia do PL 2099/2023.,Não,2024,RQS
6341,163886,"Requer, nos termos do art. 58, § 2º, II, da Constituição Federal e do art. 93, II, do Regimento Interno do Senado Federal, que na Audiência Pública objeto do REQ 85/2023 – CE, para a instrução do PL 1237/2019, que dispõe sobre a instalação de comissão de negociação do valor total anual das anuidades ou das semestralidades escolares, seja incluído convidado.",Sim,2024,REQ
6341,163355,"Requer a realização de Sessão Especial destinada a celebrar os 30 anos da Consultoria de Orçamentos, Fiscalização e Controle do Senado Federal.",Não,2024,RQS
6341,163090,Altera o Regimento Comum do Congresso Nacional para ajustar o período de escolha do Líder da Minoria no Congresso Nacional.,Não,2024,PRN
6341,162154,Requer a realização de Sessão Especial destinada a celebrar o aniversário de 34 anos da Companhia Nacional de Abastecimento - CONAB.,Não,2024,RQS
6341,163837,"Requer que o Projeto de Lei n° 5.066, de 2020, deliberado terminativamente pela Comissão de Infraestrutura, seja apreciado pelo Plenário do Senado Federal.",Não,2024,R.S
6341,164447,Requer a inclusão convidado para Audiência Pública - REQ 17/2024,Sim,2024,REQ
6341,163371,Altera o Ato das Disposições Constitucionais Transitórias da Constituição Federal para criar o Fundo Nacional para Emergências Climáticas.,Não,2024,PEC
6341,163369,Solicita que a Emenda n° 4-CCJ ao PLP 233/2023 seja apreciada em Plenário.,Não,2024,R.S
6341,162084,"Requer, nos termos do art. 93, I, do Regimento Interno do Senado Federal, a realização de audiência pública, com o objetivo de instruir o PL 2264/2023, que “altera a Lei nº 8.069, de 13 de julho de 1990, que dispõe sobre o Estatuto da Criança e do Adolescente e dá outras providências, e a Lei nº 12.965, de 23 de abril de 2014, que estabelece princípios, garantias, direitos e deveres para uso da Internet no Brasil, para dispor sobre a divulgação de crimes cometidos com uso de violência no ambiente escolar”.",Sim,2024,REQ
6341,164315,"Requeiro, nos termos do art. 58, § 2º, II, da Constituição Federal e do art. 93, II, do Regimento Interno do Senado Federal, que na Audiência Pública objeto do REQ 17/2024 - CRA sejam incluídos os seguintes convidados: 
- representante da Universidade Federal do Rio Grande do Norte (UFRN); 
- representante da Universidade Federal de Pernambuco (UFPE);
- representante da Universidade Federal do Rio de Janeiro (UFRJ).",Sim,2024,REQ
6341,164635,"Requer urgência para o Projeto de Lei nº 715/2023, nos termos dos arts. 336, III, e 338, III, do Regimento Interno do Senado Federal.",Não,2024,RQS
6341,162751,Requer realização de Audiência Pública CRE convite María Corina,Não,2024,REQ
6341,162557,"Requer a realização de audiência pública, com o objetivo de instruir o PL 4850/2023, que “altera a redação da Lei nº 9.504, de 30 de setembro de 1997, para determinar que as sucursais das emissoras de rádio e televisão divulguem, nas eleições municipais, a propaganda eleitoral dos candidatos do município em que estão instaladas”.",Sim,2024,REQ
6341,163884,Requer a realização de Sessão Especial destinada a homenagear e congratular a Igreja Fonte da Vida pelos 30 anos de existência.,Não,2024,RQS
6341,162818,Altera o art. 6º da Constituição Federal para determinar que a cultura é um direito social.,Não,2024,PEC
6341,162819,"Modifica o art. 231 da Constituição Federal, para permitir aos índios produzir e comercializarem livremente sua produção e prever a obrigação da União de prestar-lhes auxílio técnico.",Não,2024,PEC
6341,163750,"Requer, nos termos do art. 58, § 2º, II, da Constituição Federal e do art. 93, II, do Regimento Interno do Senado Federal, que na Audiência Pública objeto do REQ 59/2023 - CSP seja incluído o Exmo. Sr. Cris Smith, Membro da Câmara dos Representantes dos Estados Unidos.",Não,2024,REQ
6341,162107,"Requer a convocação, perante o Plenário, do Senhor Mauro Vieira, Ministro de Estado das Relações Exteriores, para prestar informações sobre os possíveis impactos internacionais decorrente das recentes declarações do Presidente da República que comparam a contraofensiva militar israelense na Faixa de Gaza ao Holocausto, e as possíveis medidas a serem adotadas pelo Itamaraty para remediar a situação diplomática",Não,2024,RQS
6341,163749,"Requer, nos termos do art. 58, § 2º, II, da Constituição Federal e do art. 93, II, do Regimento Interno do Senado Federal, que na Audiência Pública objeto do REQ 20/2024 - CSP seja incluído o Exmo. Sr. Cris Smith, Membro da Câmara dos Representantes dos Estados Unidos e autor da Lei de Proteção às Vítimas de Tráfico e Violência de 2000.",Não,2024,REQ
6341,163043,"Altera o art. 146, § 3º, II, da Constituição Federal para corrigir o tratamento injusto concedido pela reforma tributária às microempresas, às empresas de pequeno porte e aos microempreendedores individuais.",Não,2024,PEC
6341,162301,"Requer a constituição de uma Comissão Temporária Externa composta de 4 (quatro) membros titulares para, no prazo de 90 (noventa) dias, verificar e apurar as denúncias de exploração sexual de crianças e adolescentes no Arquipélago do Marajó, no estado do Pará.",Não,2024,RQS
6341,163547,Interposição de Recurso contra decisão terminativa de Comissão sobre o Projeto de Lei n° 1958/2021.,Não,2024,R.S
6341,162930,"Requer, nos termos do art. 93, I, do Regimento Interno do Senado Federal, que na Audiência Pública objeto do REQ 41/2024 - CCDD, com o objetivo de debater o PLP 77/2023, que ""institui o Cadastro Digital Certificado e estabelece normas para identificação de correntistas ativos e passivos de contas de depósitos abertas por meio eletrônico"", seja incluído o convidado que especifica.",Não,2024,REQ
6341,163361,"Institui o Auxílio Emergencial 2024, para o enfrentamento das consequências socioeconômicas das enchentes ocorridas no Estado do Rio Grande do Sul no ano de 2024.",Sim,2024,PL
6341,164122,Requer a realização de Sessão Especial destinada a celebrar os 48 anos de criação da Associação Nacional dos Magistrados da Justiça do Trabalho (ANAMATRA) e homenagear a entidade.,Não,2024,RQS
6341,163300,"Autoriza regime extraordinário fiscal, financeiro e de contratações para atender necessidades decorrentes de calamidade pública ambiental regional ou local.",Não,2024,PEC
6341,163109,Requer a realização de Sessão Especial destinada a celebrar o Dia Internacional da Enfermagem.,Não,2024,RQS
6341,162066,"Requer a realização de Sessão de Debates Temáticos destinada a discutir o objeto da Proposta de Emenda Constitucional (PEC) 42/2023, que trata das condições de elegibilidade por militares da ativa das Forças Armadas.",Sim,2024,RQS
6341,163435,"Requer a realização de Diligência Externa para que a CTE-RS conheça, in loco, a situação crítica do povo gaúcho.",Sim,2024,REQ
6341,162144,Requer a tramitação conjunta do Projeto de Lei nº 237/2022 com o Projeto de Lei nº 1.865/2022.,Sim,2024,RQS
6341,162096,"Requer a realização de Sessão Especial, no dia 15/03/2024, a fim de prestar homenagem póstuma ao Ex-Ministro da Agricultura, Alysson Paulinelli, pelos 50 anos de serviço público.",Não,2024,RQS
6341,163656,"Prorroga, até 31 de dezembro de 2030, o regime jurídico da contribuição substitutiva prevista pelos arts. 7º e 8º da Lei nº 12.546, de 14 de dezembro de 2011, para as empresas com sede no Estado do Rio Grande do Sul; e fixa em 8% (oito por cento), até 31 de dezembro de 2030, a alíquota da contribuição previdenciária dos Municípios do Estado do Rio Grande do Sul com até 156.216 (cento e cinquenta e seis mil duzentos e dezesseis) habitantes.",Sim,2024,PL
6341,163952,"Sugere ao Poder Executivo, por intermédio do Presidente da Caixa Econômica Federal, que preste o necessário apoio aos permissionários lotéricos no Estado do Rio Grande do Sul, para que possam retomar os serviços que prestam à população, interrompidos em razão da situação de calamidade pública vivida pelo Estado.",Sim,2024,INS
6341,162413,Requer a realização de Sessão Especial destinada a celebrar os 50 anos da Codevasf.,Não,2024,RQS
6341,163968,Requer a realização de Sessão Especial destinada a homenagear o Fórum Brasileiro da Educação Particular (Brasil Educação) pelos relevantes serviços prestados por suas instituições representadas para o desenvolvimento da Educação no Brasil.,Não,2024,RQS
6341,162034,Requer a realização de Sessão Especial destinada a celebrar o Dia do Profissional de Educação Física.,Não,2024,RQS
6341,162669,"Requer, nos termos do art. 93, I, do Regimento Interno do Senado Federal, que na Audiência Pública objeto do REQ 15/2024 - CCDD, com o objetivo de instruir o PL 4850/2023, que “altera a redação da Lei nº 9.504, de 30 de setembro de 1997, para determinar que as sucursais das emissoras de rádio e televisão divulguem, nas eleições municipais, a propaganda eleitoral dos candidatos do município em que estão instaladas” sejam incluídos os convidados que especifica.",Sim,2024,REQ
6341,162089,"Requer o adiamento da discussão da PEC 42, de 2023, para reexame pela CCJ.",Sim,2024,RQS
6341,162033,Requer a realização de Sessão Especial destinada a celebrar o Dia do Policial Penal.,Não,2024,RQS
6341,162032,Requer a realização de Sessão Especial destinada a celebrar o Dia do Professor.,Não,2024,RQS
6341,162358,"Requer urgência para o Projeto de Lei nº 6.007/2023 (Substitutivo-CD), nos termos dos arts. 336, III, e 338, III, do Regimento Interno do Senado Federal.",Não,2024,RQS
6341,164464,"Acrescenta o art. 40-A ao Ato das Disposições Constitucionais Transitórias da Constituição Federal, para criar a Zona Franca do Rio Grande do Sul.",Não,2024,PEC
6341,163828,Altera o art. 6º da Constituição Federal para incluir o esporte como direito social.,Não,2024,PEC
6341,162284,"Cria a Comissão Mista Permanente para Proteção de Dados, Inteligência Artificial e Segurança Cibernética (CMCIBER) e dá outras providências.",Não,2024,PRN
6341,164256,Requer realização de Sessão de Debates Temáticos destinada a discutir a exploração de jogos e apostas em todo território nacional.,Não,2024,RQS
6341,163248,Requer licença para missão política no Estado de Tocantins.,Não,2024,REQ
6341,162776,"Revoga a competência concorrente para legislar sobre direito penitenciário, atribuindo-a aos Estados.",Não,2024,PEC
6341,163148,Requer a realização de Sessão Especial destinada a celebrar os 23 anos da Agência Nacional de Transportes Terrestres – ANTT.,Não,2024,RQS
6341,163411,Solicita que a Emenda 27-U ao PLP 233/2023 seja apreciada em Plenário.,Não,2024,R.S
6341,162140,Requer voto de solidariedade ao Estado de Israel e ao povo judeu em face das declarações distorcidas e cruéis do Presidente Lula.,Não,2024,RQS
6341,164159,Requer a realização de audiência pública com o objetivo de conhecer o planejamento da Empresa Brasileira de Pesquisas Agropecuárias (EMBRAPA) para o apoio à recuperação do potencial agrícola do Estado do Rio Grande do Sul.,Sim,2024,REQ
6341,163151,Requer a realização de Sessão Especial destinada a celebrar os 88 anos de existência do Instituto Brasileiro de Geografia e Estatística - IBGE.,Não,2024,RQS
6341,162695,Requer voto de louvor à Assembleia Legislativa do Espírito Santo pela soltura do Deputado Estadual Capitão Assumção.,Não,2024,RQS
6341,162113,Altera o art. 53 da Constituição Federal para dispor sobre as inviolabilidades parlamentares dos Deputados e Senadores.,Não,2024,PEC
6341,162280,Requer a realização de Sessão Especial destinada a celebrar os 45 anos de criação da Associação Nacional dos Procuradores e das Procuradoras do Trabalho - ANPT.,Não,2024,RQS
6341,162031,Requer a realização de Sessão Especial para celebrar o Dia Internacional da Mulher.,Não,2024,RQS
6341,162030,Requer a realização de Sessão Especial para celebrar o 64º aniversário de Brasília.,Não,2024,RQS
6341,164422,"Altera o Decreto-Lei nº 3.689, de 3 de outubro de 1941 (Código de Processo Penal), para impedir a vitimização secundária no processo e julgamento de crimes sexuais.",Não,2024,PL
6341,163663,Dá nova redação ao § 4º do art. 225 da Constituição Federal para incluir entre os patrimônios nacionais o Pantanal Sul-Mato-Grossense.,Não,2024,PEC
6341,162106,"Requer voto de repúdio ao Presidente da República, Luís Inácio Lula da Silva, pela declaração que comparou a ação militar de Israel contra o Hamas na Faixa de Gaza ao assassinato em massa de judeus liderado por Adolf Hitler durante a 2ª Guerra Mundial.",Não,2024,RQS
6341,164334,Requer a realização de Sessão Especial destinada a celebrar os 110 anos do Comitê Olímpico do Brasil.,Não,2024,RQS
6341,163249,Requer a realização de Sessão Especial destinada a celebrar os 20 anos do Serviço de Atendimento Móvel de Urgência – SAMU e homenagear todos os profissionais que prestam serviços nesse importante equipamento de saúde pública no Brasil.,Não,2024,RQS
6341,163568,Institui o Programa Emergencial de Socorro às pessoas jurídicas dos setores de comunicação e telecomunicação atingidas pelas enchentes no Estado do Rio Grande do Sul no ano de 2024 (PesTelecom).,Sim,2024,PL
6341,162088,Requer a realização de Sessão Especial destinada a celebrar o Dia do Nutricionista.,Não,2024,RQS
6341,162059,"Requer, em aditamento ao Requerimento nº 1.046, de 2023, a inclusão de convidados na Sessão de Debates Temáticos com o objetivo de discutir a obrigatoriedade de vacinação contra Covid-19 em crianças, em virtude de inclusão da vacina no Programa Nacional de Imunização – PNI.",Não,2024,RQS
6341,163360,Solicita que a Emenda 25-U ao PLP 233/2023 seja apreciada em Plenário.,Não,2024,R.S
6341,162081,"Requer a realização de Sessão Especial destinada a celebrar os 40 anos das ""Diretas Já!"".",Não,2024,RQS
6341,162978,"Acrescenta o art. 180-A à Constituição Federal, a fim de fomentar o setor turístico, e altera o inciso IV do art. 167, para garantir a destinação dos recursos que especifica.",Não,2024,PEC
6341,162323,Requer a realização de Sessão Especial destinada a celebrar os 36 Anos do Sindicato Nacional dos Auditores Fiscais do Trabalho - Sinait.,Não,2024,RQS
6341,162620,"Altera a Constituição Federal, para dispor sobre os órgãos e as competências da Justiça Militar da União e das Justiças Militares estaduais.",Não,2024,PEC
6341,162340,Requer realização de Sessão Especial em novembro para “ Comemorar os 70 anos de criação da Universidade Federal do Estado do Ceará - UFC”.,Não,2024,RQS
6341,163081,"Requer a realização de Sessão Especial destinada a celebrar o Dia da Defensoria Pública, que se comemora no dia 19 de maio.",Não,2024,RQS
6341,163388,"Acrescenta o § 8º ao art. 155 do Decreto-Lei nº 2.848, de 7 de dezembro de 1940 - Código Penal, para tipificar especificamente o furto perpetrado em meio a saqueamento de estabelecimento comercial, armazém, depósito ou similar, situado em local atingido por calamidade pública.",Sim,2024,PL
6341,164104,Requer realização de Sessão de Debates Temáticos destinada a discutir as Políticas Públicas para prevenção e tratamento do câncer de pulmão.,Não,2024,RQS
6341,163086,Requer a realização de Sessão Especial destinada a celebrar os 37 anos da criação da Carreira de Planejamento e Orçamento.,Não,2024,RQS
6341,162921,"Requer, nos termos do art. 58, § 2º, II, da Constituição Federal e do art. 93, II, do Regimento Interno do Senado Federal, a realização de audiência pública, com o objetivo de debater o Programa Pena Justa e o Plano Nacional de Política Criminal e Penitenciária 2024-2027.",Não,2024,REQ
6341,162658,Requer a realização de Sessão Especial para celebrar os 50 anos do I Seminário de Estudos dos Problemas Urbanos de Brasília.,Não,2024,RQS
6341,163325,Requer a realização de Sessão Especial destinada a celebrar o aniversário de 30 anos da Igreja Fonte da Vida.,Não,2024,RQS
6341,163324,Requer a realização de Sessão Especial destinada a celebrar o aniversário de 166 anos da Polícia Militar de Goiás.,Não,2024,RQS
6341,162103,"Altera o art. 14, da Constituição Federal, para dispor que, na votação e apuração de eleições, plebiscitos e referendos, seja obrigatória a expedição de cédulas físicas, conferíveis pelo eleitor, a serem depositadas em urnas indevassáveis, para fins de auditoria.",Não,2024,PEC
6341,164078,"Requer realização de Sessão de Debates Temáticos destinada a discutir a participação do Brasil como país sede da 30ª Conferência das Partes (COP 30) da Convenção-Quadro das Nações Unidas sobre a Mudança do Clima, a ser realizada na cidade de Belém, no Pará, em 2025.",Não,2024,RQS
6341,163045,Requer realização de audiência pública AVIBRAS.,Sim,2024,REQ
6341,162842,Altera a Constituição Federal para dispor sobre o atendimento ininterrupto das Defensorias Públicas para temas de saúde.,Não,2024,PEC
6341,163668,Requer a realização de Audiência Pública.,Sim,2024,REQ
6341,163667,Requer a realização de Audiência Pública,Sim,2024,REQ
6341,163666,Requer a realização de audiência Pública,Sim,2024,REQ
6341,163665,Requer realização de audiência pública,Sim,2024,REQ
6341,163664,Requer a realização de Audiência,Sim,2024,REQ
6341,162500,"Requer criação de Comissão Parlamentar de Inquérito, composta de 11 membros titulares e 7 membros suplentes, para, no prazo de 180 dias, apurar fatos relacionados às denúncias e suspeitas de manipulação de resultados no futebol brasileiro, envolvendo jogadores, dirigentes e empresas de apostas.",Não,2024,RQS
6341,162076,Requer a realização de Sessão Especial destinada a celebrar a Campanha da Fraternidade 2024.,Não,2024,RQS
6341,163062,"Altera o Decreto-Lei nº 3.689, de 3 de outubro de 1941, para criar competências para o processo e julgamento perante o Tribunal do Júri, para as autoridades detentoras de prerrogativa de função, bem como de cabimento de habeas corpus.",Sim,2024,PL
6341,162268,Requer a realização de Sessão Especial destinada a celebrar os 200 anos da imigração alemã para o Brasil.,Não,2024,RQS
6341,162082,Requer a realização de Sessão Especial destinada a celebrar os 50 anos da nomeação do ex-ministro Alysson Paolinelli.,Não,2024,RQS
6341,161943,Requer a realização de Sessão Especial destinada a celebrar os 25 anos da Agência Nacional de Vigilância Sanitária - ANVISA.,Não,2024,RQS
6341,161942,Altera o art. 228 da Constituição Federal para alterar para 16 anos a idade de inimputabilidade penal para os crimes hediondos.,Não,2024,PEC
6341,162003,"Requer a realização de Sessão Especial, no dia 1º/7/2024, a fim de comemorar o 168º Aniversário de Criação do Corpo de Bombeiros Militar do Distrito Federal (CBMDF).",Não,2024,RQS
6341,161956,Requer a realização de Sessão Especial destinada a celebrar o Dia do Oftalmologista.,Não,2024,RQS
6341,161954,Requer a realização de Sessão Especial destinada a celebrar o aniversário de Roraima.,Não,2024,RQS
6341,161955,Requer a realização de Sessão Especial destinada a celebrar o Dia do Médico.,Não,2024,RQS
6341,162009,Altera o art. 49 da Constituição para conferir ao Congresso Nacional competência para sustar atos normativos do Poder Judiciário e Conselhos que extrapolem suas competências ou que invadam atribuições dos demais Poderes e instituições da República.,Não,2024,PEC
6341,161786,Requer a realização de Sessão Especial destinada a celebrar o Dia Internacional da Mulher.,Não,2023,RQS
6341,161785,Requer a realização de Sessão Especial destinada a celebrar o Dia Mundial da Água.,Não,2023,RQS
6341,161581,"Requer voto de Repúdio ao Presidente Lula, pelas afirmações proferidas durante sua participação na Conferência da ONU sobre Mudanças Climáticas (COP 28).",Não,2023,RQS
6341,161911,Requer a realização de Sessão Especial destinada a celebrar o Dia Mundial de Doação de Leite Humano.,Não,2024,RQS
6341,161906,Requer a realização de Sessão Especial destinada a celebrar o Dia do Dentista.,Não,2024,RQS
6341,161782,Requer a realização de Sessão Especial destinada a celebrar o Dia Mundial da Conscientização do Autismo.,Não,2023,RQS
6341,161904,Requer a realização de Sessão Especial destinada a celebrar o Dia do Administrador.,Não,2024,RQS
6341,162499,"Requer criação de Comissão Parlamentar de Inquérito, composta de 11 membros titulares e 7 membros suplentes, para, no prazo de 180 dias, apurar crimes de violência doméstica e familiar contra a mulher desde 2019 até os dias atuais, com base em diferentes levantamentos e estudos, com a finalidade de investigar a ação ou omissão do poder público com relação à aplicação dos instrumentos instituídos em lei para proteger as mulheres da violência, bem como suas responsabilidades decorrentes do descumprimento da legislação criada para esse fim.",Não,2024,RQS
6341,161754,Requer realização de Sessão Especial destinada a homenagear o centenário de Jaime Caetano Braun.,Não,2023,RQS
6341,161772,Altera os arts. 47 e 52 da Constituição Federal para vedar o voto secreto em todas as deliberações do Poder Legislativo.,Não,2023,PEC
6341,161784,Requer a realização de Sessão Especial destinada a celebrar o Dia Nacional da Música e da Viola Caipira.,Não,2023,RQS
6341,161783,Requer a realização de Sessão Especial destinada a celebrar o Dia do Maçom.,Não,2023,RQS
6341,161698,"Altera o Decreto-Lei nº 236, de 28 de fevereiro de 1967, para permitir a formação de cadeias e associações de concessionárias ou permissionárias dos serviços de radiodifusão sonora e de sons e imagens com a finalidade de estabelecer direção ou orientação única.",Não,2023,PL
6341,161787,Requer a realização de Sessão Especial destinada a celebrar o Dia Internacional da Mulheres e Meninas na Ciência.,Não,2023,RQS
6341,161778,Requer a realização de Sessão Especial destinada a celebrar o Dia da Polícia Militar do Distrito Federal.,Não,2023,RQS
6341,161777,Requer a realização de Sessão Especial destinada a celebrar o Dia do Quadrilheiro Junino.,Não,2023,RQS
6341,161776,Requer a realização de Sessão Especial destinada a celebrar o 64º aniversário de Brasília.,Não,2023,RQS
6341,161903,Requer a realização de Sessão Especial destinada a celebrar o Dia Nacional de Luta da Pessoa com Deficiência.,Não,2024,RQS
6341,161910,Requer a realização de Sessão Especial destinada a celebrar o Dia dos Comissários da Infância e da Juventude.,Não,2024,RQS
6341,161907,Requer a realização de Sessão Especial destinada a celebrar o Dia do Nutricionista.,Não,2024,RQS
6341,161905,Requer a realização de Sessão Especial destinada a celebrar o Dia do Perito Criminal.,Não,2024,RQS
6341,161781,Requer a realização de Sessão Especial destinada a celebrar o Dia Nacional do Líder Comunitário.,Não,2023,RQS
6341,161780,Requer a realização de Sessão Especial destinada a celebrar o Dia do Contabilista.,Não,2023,RQS
6341,161779,Requer a realização de Sessão Especial destinada a celebrar a Campanha da Fraternidade 2024.,Não,2023,RQS
6341,161913,Requer a realização de Sessão Especial destinada a celebrar o Dia do Médico.,Não,2024,RQS
6341,161909,Requer a realização de Sessão Especial destinada a celebrar o Dia do Bombeiro Militar.,Não,2024,RQS
6341,161725,"Altera o inciso V do § 3º do art. 14 e acrescenta o art. 17-A da Constituição Federal, possibilitando o lançamento de candidaturas avulsas, independentemente de filiação partidária.",Não,2023,PEC
6341,161769,Requer a realização de Sessão Especial destinada a celebrar os 20 anos do IBDP.,Não,2023,RQS
6341,161820,Altera o art. 155 da Constituição Federal para conceder imunidade do Imposto sobre a Propriedade de Veículos Automotores a veículos terrestres de passageiros com vinte anos ou mais de fabricação.,Não,2023,PEC
6341,161912,Requer a realização de Sessão Especial destinada a celebrar o Dia Internacional do Enfermeiro.,Não,2024,RQS
6341,161908,Requer a realização de Sessão Especial destinada a celebrar o Dia Nacional da Aviação de Segurança Pública do Brasil.,Não,2024,RQS
6341,161902,Requer a realização de Sessão Especial destinada a celebrar o Dia do Professor.,Não,2024,RQS
6341,161901,Requer a realização de Sessão Especial destinada a celebrar o Dia Nacional dos Corretores de Imóveis.,Não,2024,RQS
6341,161685,"Altera o inciso V do art. 7º da Constituição Federal para prever a impossibilidade de redução do piso salarial, por meio de convenção ou acordo coletivo, quando ele for fixado em lei específica.",Não,2023,PEC
6341,161755,Altera o Ato das Disposições Constitucionais Transitórias para conceder anistia aos envolvidos nos atos de 8 de janeiro de 2023 e restaurar os direitos políticos dos cidadãos declarados inelegíveis em face de atos relacionados às Eleições de 2022.,Não,2023,PEC
6341,161175,Requer a realização de Sessão Especial destinada a celebrar o Dia do Perito Criminal.,Não,2023,RQS
6341,161095,"Requer, nos termos do art. 58, § 2°, II e V, da Constituição Federal, que seja convidado o Exmo. Sr. Flávio Dino de Castro e Costa, Ministro da Justiça e Segurança Pública, a comparecer a esta Comissão, a fim de prestar informações sobre os objetivos do Plano da Amazônia visando o combate a crimes ambientais e de outros tipos, além da promoção da preservação local com ações de segurança pública que observem as necessidades e especificidades dos estados da Amazônia Legal.",Sim,2023,REQ
6341,161372,Requer justificação de falta à Sessão Deliberativa Ordinária do dia 29NOV2023,Sim,2023,REQ
6341,161347,Requer a oitiva da Comissão de Assuntos Econômicos sobre o Projeto de Lei nº 757/2022.,Não,2023,RQS
6341,161346,Requer a oitiva da Comissão de Relações Exteriores e Defesa Nacional sobre o Projeto de Lei nº 757/2022.,Não,2023,RQS
6341,161318,Requer oitiva da Comissão de Segurança Pública sobre o PL 2234/2022.,Não,2023,RQS
6341,161317,Requer oitiva da Comissão de Assuntos Sociais sobre o PL 2234/2022.,Não,2023,RQS
6341,161316,Requer oitiva da Comissão de Assuntos Econômicos sobre o PL 2234/2022.,Não,2023,RQS
6341,161269,Dispõe sobre o regime jurídico aplicável ao Banco Central.,Não,2023,PEC
6341,161058,"Requer a convocação do Senhor Flávio Dino de Castro e Costa, Ministro de Estado da Justiça e Segurança Pública, para que compareça a esta Comissão, a fim de prestar informações sobre a recepção, dentro das dependências do Palácio do Ministério da Justiça, da Senhora Luciane Barbosa Farias, integrante do Comando vermelho, por duas vezes durante este ano.",Não,2023,REQ
6341,161494,Acrescenta o § 7º ao art. 220 da Constituição Federal para dispor sobre a proteção da liberdade de imprensa.,Não,2023,PEC
6341,161491,"Requer, nos termos dos arts. 336, II, e 338, IV, do Regimento Interno do Senado Federal, urgência para o PL 7/2023, que “altera o Decreto-Lei nº236, de 28 de fevereiro de 1967”.",Sim,2023,REQ
6341,161087,"Requer seja convidado o Senhor Flávio Dino de Castro e Costa, Ministro de Estado da Justiça e Segurança Pública, a comparecer a esta Comissão, a fim de prestar informações sobre a recepção, dentro das dependências do Palácio do Ministério da Justiça, da Senhora Luciane Barbosa Farias, integrante do Comando Vermelho, por duas vezes durante este ano.",Não,2023,REQ
6341,161373,"Requer voto de repúdio à Venezuela pelo escalonamento da tensão ora existente entre a Venezuela e a Guiana por força da disputa territorial envolvendo região de Essequibo, buscando respeito aos tratados internacionais, à integridade territorial da Guiana e clamando por uma solução política, consensual, pacífica e duradoura para o conflito.",Não,2023,RQS
6341,161307,Abre novo prazo de parcelamento especial de débitos dos municípios com seus Regimes Próprios de Previdência Social dos Servidores Públicos e com o Regime Geral de Previdência Social.,Não,2023,PEC
6341,161010,"Acrescenta o inciso XIX ao art. 49, modifica o § 4º e acrescenta o § 8º ao art. 231 da Constituição Federal, para dispor sobre a competência para aprovar a demarcação de terras indígenas e seus efeitos.",Não,2023,PEC
6341,160728,"Altera a Constituição Federal, para estabelecer programação orçamentária mínima para o Ministério da Defesa e dispor sobre projetos estratégicos para a Defesa Nacional, e acrescenta artigo ao Ato das Disposições Constitucionais Transitórias, para estabelecer regra de transição.",Não,2023,PEC
6341,160771,"Requer inserção em ata de voto de repúdio à Secretária Nacional de Planejamento e Finanças do Partido dos Trabalhadores, nomeada para o Conselho de Administração da Itaipu Binacional, Gleide Andrade de Oliveira, pelas mensagens publicadas em rede social alegando que Israel é ""uma vergonha para humanidade"" e não merece ser Estado.",Não,2023,RQS
6341,160960,"Acrescenta o inciso XIX ao art. 49; modifica o §4º e acrescenta o §8º, ambos no Art. 231, da Constituição Federal.",Não,2023,PEC
6341,160959,Requer a realização de Sessão Especial destinada a comemorar os 40 anos do Departamento Intersindical de Assessoria Parlamentar - DIAP.,Não,2023,RQS
6341,160976,"Altera o inciso XLII do art. 5º da Constituição Federal, para prever a inafiançabilidade e a imprescritibilidade dos crimes que envolvam pedofilia.",Não,2023,PEC
6341,160956,"Altera os incisos XVIII e XIX do art. 7° da Constituição Federal, para ampliar a duração da licença-maternidade, licença paternidade e adotante.",Não,2023,PEC
6341,160910,Requer apreciação do PL 3670/2023 pelo Plenário do Senado Federal.,Não,2023,R.S
6341,160965,Requer a realização de Sessão de Debate Temático destinado a discutir a real situação enfrentada pelo Estado de Israel no momento atual da guerra contra o Hamas.,Não,2023,RQS
6341,160684,Acrescenta o inciso LXXX ao art. 5º da Constituição Federal para tornar imprescritível o crime de tráfico de crianças e adolescentes.,Não,2023,PEC
6341,160878,Requer destaque da EMD à PEC 45/2019,Sim,2023,REQ
6341,160679,"Requer a realização de Sessão de Debates Temáticos, a ser realizada em data oportuna, a fim de discutir os desafios e propostas do Brasil para a COP 28.",Não,2023,RQS
6341,160735,Requer a realização de Sessão Especial destinada a comemorar o Dia Nacional do Delegado de Polícia.,Não,2023,RQS
6341,160885,Requer Destaque para EMD 117 à PEC 45/19,Sim,2023,REQ
6341,160886,Requer .Destaque da EMD 128 à PEC 45/19,Sim,2023,REQ
6341,160835,Requer a realização de Sessão Especial destinada a celebrar os 25 anos do Centro Universitário Estácio do Ceará.,Não,2023,RQS
6341,160933,Altera as regras e o rito das súmulas vinculantes.,Não,2023,PEC
6341,160392,Altera o art. 206 da Constituição Federal para incluir como princípio do ensino a garantia de educação inclusiva em todos os níveis.,Não,2023,PEC
6341,160275,"Institui a Frente Parlamentar Mista da Inteligência Artificial, Tecnologia da Informação, Segurança Cibernética e Combate à Desinformação (Frente Parlamentar da Segurança Digital).",Não,2023,PRS
6341,160504,"Requer a retirada definitiva da Emenda n° 3, apresentada ao Projeto de Lei n°4503, de 2023.",Sim,2023,RQS
6341,160430,"Requer inserção em ata de voto de solidariedade ao Estado de Israel e, ao mesmo tempo, de repúdio ao ataque do Hamas sofrido desde o dia 07 de outubro de 2023.",Não,2023,RQS
6341,160374,Atribui mandato de quinze anos e exigência de idade mínima de cinquenta anos aos Ministros do Supremo Tribunal Federal e promove modificações no processo de escolha dos membros dessa Corte e dos Tribunais Superiores.,Não,2023,PEC
6341,160645,Requer apreciação pelo Plenário do Projeto de Lei nº 334/2023 - Substitutivo-CD.,Não,2023,R.S
6341,160597,"Requer voto de repúdio ao juiz da 12ª Vara Criminal de Cuiabá, Wladymir Perri, por ter decretado voz de prisão a uma mãe depois de se expressar contra um homem acusado de matar seu filho.",Não,2023,RQS
6341,160654,"Requer, nos termos do art. 222 do Regimento Interno do Senado Federal, inserção em ata de voto de repúdio ao juiz da 12ª Vara Criminal de Cuiabá, Wladymir Perri, por ter decretado voz de prisão a uma mãe depois de se expressar contra um homem acusado de matar seu filho.",Não,2023,RQS
6341,160605,Requer voto de solidariedade ao Programa Mais Médicos e aos Médicos Brasileiros Formados no Exterior em razão de campanha difamatória veiculada na mídia.,Não,2023,RQS
6341,160547,"Requer, nos termos do art. 199 do Regimento Interno do Senado Federal, a realização de Sessão Especial, a ser realizada em data oportuna, a fim de comemorar os 10 anos do Programa Mais Médicos.",Não,2023,RQS
6341,160575,"Concede anistia aos acusados e condenados pelos crimes definidos nos arts. 359-L e 359-M do Decreto-Lei nº 2.848, de 7 de dezembro de 1940 – Código Penal, em razão das manifestações ocorridas em Brasília, na Praça dos Três Poderes, no dia 8 de janeiro de 2023.",Sim,2023,PL
6341,160593,Altera o art. 159 da Constituição Federal para instituir compensação financeira em prol do Fundo de Participação dos Municípios no intuito de assegurar a esse Fundo participação percentual no produto interno bruto igual à observada no exercício de 2022.,Não,2023,PEC
6341,160411,"Requer, nos termos do art. 58, § 2°, II e V, da Constituição Federal, que seja convidada a Exma. Sra. Simone Tebet, Ministra de Estado do Planejamento e Orçamento, a comparecer a esta Comissão, a fim de prestar informações sobre sua fala na Comissão de Mista de Orçamento (CMO), no Congresso Nacional (CN), referente à liberação de empréstimo de US$ 1 bilhão à Argentina pela CAF.",Não,2023,REQ
6341,160166,"Requer a realização de Sessão Especial, no dia 17/10/2023, em homenagem aos 10 anos de criação da Procuradoria Especial da Mulher do Senado Federal.",Não,2023,RQS
6341,160148,Altera o §1º do art. 231 da Constituição Federal para definir marco temporal de demarcação das terras tradicionalmente ocupadas pelos povos indígenas.,Não,2023,PEC
6341,160042,"Requer, nos termos do art. 199 do Regimento Interno do Senado Federal, a realização de Sessão Especial, a ser realizada em data oportuna, a fim de comemorar os 20 anos do Serviço de Atendimento Móvel de Urgência - SAMU.",Não,2023,RQS
6341,160656,"Requer, nos termos do art. 58, § 3º, da Constituição Federal e dos arts. 74, III, e 145 do Regimento Interno do Senado Federal, a constituição de uma Comissão Parlamentar de Inquérito para investigar o seguinte fato determinado: “Os efeitos da responsabilidade jurídica socioambiental da empresa Braskem S.A decorrente do maior acidente ambiental urbano já constatado no País, Caso Pinheiro/Braskem, em Maceió, Alagoas.",Não,2023,RQS
6341,159994,Requer a criação da Subcomissão Municipalista no âmbito da Comissão de Assuntos Econômicos (CAE).,Não,2023,REQ
6341,160544,"Requer, nos termos do art. 58, § 3º, da Constituição Federal e do §1° do art. 76, combinado com o art. 152, do Regimento Interno do Senado Federal, a prorrogação por mais 57 (cinquenta e sete) dias da duração da Comissão Parlamentar de Inquérito criada a partir do Requerimento nº 292/2023 destinada a investigar a liberação, pelo Governo Federal, de recursos públicos para ONGs, e OSCIPs, bem como a utilização, por essas entidades, desses recursos e de outros por elas recebidos do exterior, a partir do ano de 2002 até a data de 1º de janeiro de 2023, a concentração desses recursos em atividades-meio, de forma a descumprir os objetivos para os quais esses recursos foram destinados originalmente, o desvirtuamento dos objetivos da ação dessas entidades, operando inclusive contra interesses nacionais, casos de abuso de poder, com intromissão dessas entidades em funções institucionais do poder público e a aquisição, a qualquer título, de terras por essas entidades.",Não,2023,RQS
6341,159960,"Requer a realização de Sessão Especial, no dia 06/10/2023, a fim de comemorar o Dia Mundial do Algodão.",Não,2023,RQS
6341,159933,"Altera o art. 101 da Constituição Federal, para determinar a realização de arguição pública, pelo Senado Federal, dos Ministros do Supremo Tribunal Federal a cada oito anos.",Não,2023,PEC
6341,160177,"Altera a Lei nº 14.299, de 5 de janeiro de 2022, para incluir a região carbonífera do Estado do Rio Grande do Sul no Programa de Transição Energética Justa (TEJ).",Não,2023,PL
6341,160011,"Altera o art. 5º da Constituição Federal, para prever como mandado de criminalização a posse e o porte de entorpecentes e drogas afins sem autorização ou em desacordo com determinação legal ou regulamentar.",Não,2023,PEC
6341,160083,"Altera o inciso IV do art. 8º da Constituição Federal, para vedar, salvo prévia aquiescência individual dos membros das categorias profissionais e econômicas, a cobrança de contribuições de trabalhadores ou empregadores não filiados ao respectivo sindicato.",Não,2023,PEC
6341,160055,"Requer a realização de Sessão Especial, a fim de comemorar o aniversário de quarenta anos de criação da obra social Nossa Senhora da Gloria “Fazenda Esperança”.",Não,2023,RQS
6341,160112,Requer licença para atividade cultural parlamentar.,Sim,2023,REQ
6341,160194,Dispõe sobre a realização de plebiscito para decidir sobre a legalização do aborto.,Não,2023,PDL
6341,160229,"Requer realização de Audiência Pública com o objetivo de debater os avanços no Programa Nacional de Alimentação Escolar (PNAE), suas contribuições mais recentes para a educação, para a segurança alimentar e o desenvolvimento regional",Não,2023,REQ
6341,160176,"Requeremos, nos termos do art. 93, I, do Regimento Interno do Senado Federal, a realização de audiência pública, com o objetivo de instruir o PL 3649/2023, que “dispõe sobre a estadualização do Parque Nacional da Chapada dos Guimarães”",Não,2023,REQ
6341,160031,"Requer a realização de Sessão de Debates Temáticos com o objetivo de discutir o acordo de livre comércio Mercosul/UE, bem como debater sobre as medidas unilaterais protecionistas sob a égide de políticas ambientais e de mudanças climáticas que a União Europeia informou que submeteria a um protocolo adicional ao acordo.",Não,2023,RQS
6341,159966,"Modifica o art. 95 da Constituição Federal, para dispor sobre a vedação dos magistrados de atuar em processos patrocinados direta ou indiretamente por cônjuges, companheiros ou parentes até o segundo grau.",Não,2023,PEC
6341,159924,Acrescenta o art. 124 ao Ato das Disposições Constitucionais Transitórias para aumentar temporariamente a parcela do produto da arrecadação dos impostos sobre renda e proventos de qualquer natureza e sobre produtos industrializados devida ao Fundo de Participação dos Municípios.,Não,2023,PEC
6341,159749,"Altera o Decreto-Lei nº 5.452/1953 (Consolidação das Leis do Trabalho) para fixar a exigência prévia de autorização dos membros de categorias econômicas ou profissionais ou das profissões liberais representadas para fins de cobrança da contribuição assistencial de que cuida o art. 513, ""e"", do mesmo diploma.",Não,2023,PL
6341,159180,Requer a realização de Sessão Especial em homenagem a Sukyo Mahikari do Brasil.,Não,2023,RQS
6341,159748,Requer a realização de Sessão Especial em alusão ao Dia Nacional do Estagiário.,Não,2023,RQS
6341,159747,"Requer a realização de Sessão Especial em alusão ao Dia Internacional do Farmacêutico, comemorado no dia 25 de setembro.",Não,2023,RQS
6341,159537,"Requer, nos termos do art. 199 do Regimento Interno do Senado Federal, a realização de Sessão Especial, no dia 30/10/2023, a fim de celebrar o 40º Aniversário da Associação Brasileira de Automação - GS1 Brasil.",Não,2023,RQS
6341,159209,"Requer, nos termos do art. 58, § 2º, II, da Constituição Federal e do art. 93, II, do Regimento Interno do Senado Federal, a realização de audiência pública, com o objetivo de ampliar o debate sobre o PL 1237/2019, de autoria da Senadora Mara Gabrilli e relatoria do Senador Esperidião Amin. Propõe para a audiência a presença do Doutor Ricardo Albuquerque, Representante da Confederação Nacional dos Estabelecimentos de Ensino.",Sim,2023,REQ
6341,159462,"Requer, nos termos do art. 58, § 2º, II, da Constituição Federal e do art. 93, II, do Regimento Interno do Senado Federal, a realização de audiência pública, no âmbito desta Comissão, com o objetivo de discutir o PL nº 3.696, de 2023, que “Altera a Medida Provisória nº 2.228-1, de 6 de setembro de 2001, que estabelece princípios gerais da Política Nacional do Cinema; a Lei nº 12.485, de 12 de setembro de 2011, que dispõe sobre a comunicação audiovisual de acesso condicionado; a Lei nº 11.437, de 28 de dezembro de 2006, que altera a destinação de receitas decorrentes da Contribuição para o Desenvolvimento da Indústria Cinematográfica Nacional – CONDECINE; a Lei nº 5.070, de 7 de julho de 1966, que cria o Fundo de Fiscalização das Telecomunicações e dá outras providências; a Lei nº 8.977, de 6 de janeiro de 1995, que dispõe sobre o Serviço de TV a Cabo e dá outras providências; e a Lei nº 9.472, de 16 de julho de 1997, para prorrogar o prazo de obrigatoriedade de exibição comercial de obras cinematográficas brasileiras e para prorrogar a política de cotas de tela na TV paga e dá outras providências”.",Não,2023,REQ
6341,159325,"Altera a Constituição Federal, para disciplinar a tramitação de projetos de resolução referentes ao regimento interno das Casas Legislativas.",Não,2023,PEC
6341,159788,"Requer, nos termos dos arts. 336, III, e 338, III, do Regimento Interno do Senado Federal, urgência para o PRS 11/2019.",Não,2023,RQS
6341,159254,"Altera a Lei nº 7.565, de 19 de dezembro de 1986 (Código Brasileiro de Aeronáutica), para proteger direitos dos usuários de serviço de transporte aéreo para estabelecer marcação gratuita de assentos no transporte doméstico aéreo de passageiros.",Sim,2023,PL
6341,159536,Recurso para que a Emenda 18 ao PL 2384/2023 seja submetida ao Plenário.,Não,2023,R.S
6341,159715,Requer a criação de sessão especial fim de celebrar a amizade e as relações diplomáticas Brasil-Bahrein.,Não,2023,RQS
6341,159664,Requer a Realização de Sessão Especial para comemorar os 50 anos do Instituto Rui Barbosa - IRB.,Não,2023,RQS
6341,159327,"Requer, nos termos dos arts. 336, II, e 338, II, do Regimento Interno do Senado Federal, urgência para o PL 2801/2022.",Não,2023,RQS
6341,159755,"Requer a realização de Sessão Especial, a ser realizada em data oportuna, a fim de comemorar os 80 anos de criação da Força Expedicionária Brasileira (FEB).",Não,2023,RQS
6341,159655,"Requer realização de Sessão Especial, no dia 05/12/23, para homenagear os sessenta anos de fundação da CONTAG - Confederação Nacional dos Trabalhadores Rurais Agricultores e Agricultoras Familiares.",Não,2023,RQS
6341,159490,Recurso Emenda 22 CAE ao PL 2384/2023,Não,2023,R.S
6341,159095,"Acrescenta o § 12 ao art. 14, da Constituição Federal, dispondo que, na votação e apuração de eleições seja obrigatória a expedição de cédulas físicas, conferíveis pelo eleitor, a serem depositadas em urnas, para fins de auditoria.",Não,2023,PEC
6341,158826,"Susta os efeitos do Decreto nº 11.615, de 21 de julho de 2023, que regulamenta a Lei nº 10.826, de 22 de dezembro de 2003, para estabelecer regras e procedimentos relativos à aquisição, ao registro, à posse, ao porte, ao cadastro e à comercialização nacional de armas de fogo, munições e acessórios, disciplinar as atividades de caça excepcional, de caça de subsistência, de tiro desportivo e de colecionamento de armas de fogo, munições e acessórios, disciplinar o funcionamento das entidades de tiro desportivo e dispor sobre a estruturação do Sistema Nacional de Armas - Sinarm.",Não,2023,PDL
6341,159040,Requer a realização de Sessão Especial a fim de comemorar o Dia da Educação Profissional e Tecnológica.,Não,2023,RQS
6341,158997,"Requer nos termos do art. 199 do Regimento Interno do Senado Federal, a realização de Sessão Especial, em setembro, a fim de celebrar os 120 anos das Igrejas Batistas no Estado do Espírito Santo.",Não,2023,RQS
6341,158950,"Requer a realização de Sessão de Debates Temáticos no dia 17/08/2023, a fim de debater a retomada da indústria no Brasil.",Não,2023,RQS
6341,159094,Altera o art. 244 da Constituição Federal para assegurar gratuidade nos transportes coletivos urbanos às pessoas com deficiência de baixa renda.,Não,2023,PEC
6341,159092,"Requer a realização de Sessão de Debates Temáticos a fim de  debater a ""Reinvenção do Brasil pelas estratégias regionais de desenvolvimento"".",Não,2023,RQS
6341,158868,Sessão Solene destinada a comemorar o Dia do Maçom.,Sim,2023,REQ
6341,159093,Altera o Sistema Tributário Nacional.,Não,2023,PEC
6341,158965,Requer a realização de Sessão Especial no dia 05/09/2023 (Dia da Amazônia).,Não,2023,RQS
6341,158884,"Requer realização de sessão especial a fim de comemorar o Dia Mundial dos Animais, bem como homenagear as instituições e pessoas que se dedicam ao cuidado, à proteção e ao resgate dos animais domésticos.",Não,2023,RQS
6341,158928,"Requer realização, pela Comissão de Comunicação e Direito Digital, de estudo sobre as atividades de entidade autodenominada Sleeping Giants Brasil, que vem realizando ações de clara interferência na liberdade de imprensa garantida pela Constituição da República Federativa do Brasil, e da proposição de medidas que visem conter essas atividades.",Não,2023,REQ
6341,158350,"Altera a Lei nº 13.636, de 20 de março de 2018, para aprimorar e fomentar o microcrédito e as microfinanças.",Não,2023,PL
6341,158796,"Requer que sejam prestadas, pelo Exmo. Sr. Ministro de Estado da Educação, Camilo Santana, informações detalhadas acerca do “processo de avaliação” sobre o Programa Nacional das Escolas Cívico-Militares.",Não,2023,RQS
6341,158574,"Altera o art. 62 da Constituição Federal, para dispor sobre o procedimento de apreciação de medidas provisórias pelo Congresso Nacional.",Não,2023,PEC
6341,158568,"Acrescenta § 8º ao art. 218 da Constituição Federal, estabelecendo o incremento gradual do montante aplicado em ciência, tecnologia e inovação até, no mínimo, 2,5% do produto interno bruto.",Não,2023,PEC
6341,158364,"Requer que sejam prestadas, pelo Senhor Ministro das Comunicações, José Juscelino dos Santos Rezende Filho, informações sobre o processo de renovação de outorga da Associação Cultural Comunitária Amigos de Severiano de Almeida, para continuidade do serviço de radiodifusão comunitária no Município de Severiano de Almeida, Estado do Rio Grande do Sul, atualmente em trâmite no Senado Federal, na forma do Projeto de Decreto Legislativo (PDL) nº 439 de 2021.",Sim,2023,RQS
6341,158719,"Requer Sessão Especial para comemoração do 201º ano da Independência e lançamento do livro ""100 vozes pela democracia"".",Não,2023,RQS
6341,158584,"Dá nova redação ao § 4º do art. 225 da Constituição Federal para incluir a Caatinga, o Cerrado e o Pampa entre os biomas considerados patrimônio nacional.",Não,2023,PEC
6341,158275,"Requer que sejam prestadas, pelo Senhor Ministro das Comunicações José Juscelino dos Santos Rezende Filho, informações de ordem técnica a respeito do processo de renovação de outorga da Associação Movimento Comunitário ElShadday, que atualmente se encontra a espera de deliberação no Senado Federal.",Sim,2023,RQS
6341,158727,"Requer a realização de Sessão Especial, a fim de celebrar o Dia Nacionalda Pessoa com Atrofia Muscular Espinhal (AME).",Não,2023,RQS
6341,158235,Requer a realização de Sessão Especial em homenagem ao Dia do Maçom,Não,2023,RQS
6341,158799,Promove fomento e o fortalecimento às Escolas Cívico-Militares - Ecim.,Não,2023,PL
6341,158704,Requer o encaminhamento de expediente ao Supremo Tribunal Federal.,Não,2023,REQ
6341,158629,"Recurso interposto nos termos do art. 91, §3º, para que o PL 5245, de 2020, seja apreciado pelo Plenário.",Sim,2023,R.S
6341,158306,Altera a Constituição Federal para prever o estabelecimento do Plano Nacional de Segurança Alimentar e Nutricional.,Não,2023,PEC
6341,158004,Requer seja inserida em ata moção de apoio ao Reino do Marrocos.,Não,2023,RQS
6341,158095,"Altera a Constituição Federal para incluir, entre os direitos e garantias fundamentais, a proteção à integridade mental e à transparência algorítmica.",Não,2023,PEC
6341,158007,"Requer, nos termos dos arts. 336, III, e 338, III, do Regimento Interno do Senado Federal, urgência para o PL 2903/2023.",Não,2023,RQS
6341,157885,"Requer Voto de Repúdio ao Presidente da Venezuela, Nicolás Maduro",Não,2023,RQS
6341,157768,Requer a tramitação conjunta do PL 588/2023 com o PL 589/2023.,Não,2023,RQS
6341,157949,"Requer oitiva da Comissão de Constituição, Justiça e Cidadania sobre o PL 5245/2020.",Sim,2023,RQS
6341,158196,"Requer realização de Sessão Especial, em 15 de setembro de 2023, em alusão ao Setembro Amarelo e a fim de rememorar a passagem do Dia Mundial de Prevenção ao Suicídio.",Não,2023,RQS
6341,157153,Altera o art. 103-B da Constituição Federal para incluir um desembargador do Tribunal de Justiça do Distrito Federal e dos Territórios na composição do Conselho Nacional de Justiça.,Não,2023,PEC
6341,157374,Requer sejam convidadas autoridades para instruir a MPV 1165 de 2023,Sim,2023,REQ
6341,157206,"Requer a realização de audiência pública, com o objetivo de debater a situação atual do Estado Democrático de Direito, as liberdades e garantias individuais na Venezuela.",Não,2023,REQ
6341,157131,"Requer a criação de Comissão Parlamentar Mista de Inquérito, composta de 15 (quinze) Senadores e 15 (quinze) deputados, e igual número de suplentes, para, no prazo de 180 (cento e oitenta) dias, investigar os atos de ação e omissão ocorridos no dia 08 de janeiro de 2023 nas Sedes dos Três Poderes da República, em Brasília, nos termos dos arts. 58 da Constituição Federal e 21 do Regimento Comum do Congresso Nacional.",Não,2023,RQN
6341,157143,"Realização de Sessão Especial, no dia 15/08/2023, em homenagem à Marcha das Margaridas.",Não,2023,RQS
6341,157447,"Requer, nos termos dos arts. 336, III, e 338, III, do Regimento Interno do Senado Federal, urgência para o PRS 11/2023.",Não,2023,RQS
6341,157372,"Acrescenta o art. 149-B à Constituição Federal, para criar a contribuição em restituição ao financiamento estudantil, espécie de tributo que poderá ser instituído por lei específica e destinada a viabilizar sistemas de financiamento com pagamentos vinculados à renda futura.",Não,2023,PEC
6341,157346,"Requer a realização de Sessão Especial, a ser realizada em data oportuna, a fim de homenagear os 75 anos de fundação da Convenção Interestadual das Assembleias de Deus do Serviço de Evangelização dos Rios Tocantins e Araguaia - Ciadseta",Não,2023,RQS
6341,157467,"Requer sejam convidadas autoridades para Audiência Pública destinada à instrução do Projeto de Lei nº 2.775 de 2022 que ""Altera a Lei nº 9.394, de 20 de dezembro de 1996, que estabelece as diretrizes e bases da educação nacional, para dispor sobre a presença obrigatória de um profissional de segurança nas escolas"".",Sim,2023,REQ
6341,157187,"A retirada de pauta do RQS 379 de 2023 que solicita destaque para votação em separado do art. 202, do PL 1825/2022 (Substitutivo-CD) que “institui a Lei Geral do Esporte.",Sim,2023,RQS
6341,157416,"Requer calendário especial para a PEC 7/2018, para que a matéria conste da Ordem do Dia de sessões deliberativas, na forma que especifica.",Não,2023,RQS
6341,157223,Requer impugnação de dispositivos da MPV nº 1150/2022.,Sim,2023,RQS
6341,157146,"Acrescenta a alínea “f” ao inciso VI do art. 150 da Constituição Federal, tornando imunes a impostos os medicamentos destinados ao uso humano.",Não,2023,PEC
6341,157462,"Requer, nos termos dos arts. 336, III, e 338, III, do Regimento Interno do Senado Federal, urgência para o PDL 98/2023.",Não,2023,RQS
6341,157457,"Requer, nos termos do art. 58, § 2º, II, da Constituição Federal e do art. 93, II, do Regimento Interno do Senado Federal, a realização de audiência pública, com o objetivo de debater a retomada do Plano de Prevenção e Controle do Desmatamento na Amazônia Legal - PPCDAM, com os convidados que apresenta.",Não,2023,REQ
6341,157279,Requer impugnação de dispositivos do PLV 9 de 2023 oriundo da MPV 1147/2022,Sim,2023,RQS
6341,157134,"Altera o art. 98 e o art. 107 do Ato das Disposições Constitucionais Transitórias, para assegurar à Defensoria Pública da União, pelo prazo de 10 anos, incremento orçamentário anual do limite individualizado, com vistas a efetivar o disposto no caput do próprio art. 98.",Não,2023,PEC
6341,157019,"Realização de Sessão Especial, no dia 19/06/2023, a fim de celebrar o jubileu de diamante de 75 anos da Sociedade Bíblica do Brasil - SBB.",Não,2023,RQS
6341,157007,Sessão de Debates Temáticos a fim de debater sobre ações e políticas públicas para mitigação da violência em instituições de ensino.,Não,2023,RQS
6341,156980,"Requer convocação do Ministro de Estado Chefe do Gabinete de Segurança Institucional da Presidência da República, Marco Edson Gonçalves Dias, a fim de prestar esclarecimentos sobre sua atuação no dia dos atos de 8 de janeiro de 2023.",Não,2023,REQ
6341,157059,"Realização de Sessão Especial em memória da Nakba, a catástrofe palestina.",Não,2023,RQS
6341,157015,"Realização de Sessão Especial no dia 05/06/2023, para homenagear o Dia Mundial do Meio Ambiente.",Não,2023,RQS
6341,156590,"Desarquivamento dos PLC 182/2017, PLC 137/2018 e PLS 447/2016.",Não,2023,RQS
6341,156581,Dispõe sobre a atualização monetária dos repasses de recursos federais aos Municípios.,Não,2023,PEC
6341,156915,"Realização de sessão de debates temáticos, em data oportuna, a fim de debater a segurança nas escolas, tendo em conta o aumento da incidência de atos de violência contra membros de comunidades escolares, especialmente estudantes e professores, ao longo dos últimos anos.",Não,2023,RQS
6341,156606,"Requer nos termos do art. 58, § 2°, V, da Constituição Federal, que seja convidado o Senhor Jorge Viana, presidente da Agência Brasileira de Promoção de Exportações e Investimentos (APEX), a comparecer a esta Comissão, a fim de prestar informações sobre críticas ao agronegócio brasileiro em visita oficial à China e explicar aos Parlamentares da Comissão de Agricultura e Reforma Agrária (CRA) do Senado Federal supostos problemas ambientais na produção de grãos e na pecuária do Brasil.",Não,2023,REQ
6341,156810,Altera o art. 6º da Constituição Federal para dispor sobre o direito à segurança alimentar como direito fundamental.,Não,2023,PEC
6341,156580,Altera a Constituição Federal e o Ato das Disposições Constitucionais Transitórias para prever imunidade tributária às operações com medicamentos de uso humano destinados especificamente ao tratamento de doenças raras.,Não,2023,PEC
6341,156684,"Desarquivamento dos Projetos de Lei (PL) nºs 1822/2021 e 1903/2021, dos Projetos de Lei do Senado (PLS) nºs 100/2016, 429/2017 e 301/2018 e das Propostas de Emenda à Constituição (PEC) nºs 89/2019 e 25/2020.",Não,2023,RQS
6341,156889,"Realização de Sessão Especial, afim de celebrar os 50 anos da Embrapa.",Não,2023,RQS
6341,156651,Altera o art. 5º da Constituição para garantir a proteção dos profissionais de segurança pública e saúde.,Não,2023,PEC
6341,156657,Desarquivamento do PLS 376/2017 e do PLS 359/2017,Não,2023,RQS
6341,156679,"Altera a Lei nº 12.587, de 3 de janeiro de 2012, para impor responsabilidade solidária às empresas de transporte remunerado privado individual de passageiros em caso de danos causados por pessoas físicas e jurídicas durante a execução do serviço de transporte à título de parceria com essas empresas.",Sim,2023,PL
6341,156633,"Desarquivamento do PLC 60/2018, que “altera o art. 25 da Lei nº 10.438, de26 de abril de 2002, para ampliar o horário em que pode ser estabelecido o período de concessão de desconto nas tarifas de energia elétrica ao irrigante e ao aquicultor, e para vedar a aplicação de diferentes percentuais de descontos na Classe Rural”.",Não,2023,RQS
6341,156566,"Realização de Sessão Especial, em abril, a fim de comemorar o aniversário de 33 anos da Companhia Nacional de Abastecimento - CONAB.",Não,2023,RQS
6341,156691,"Requer apreciação do Plenário do PL 3983, de 2019, que estabelece que sistemas de certificação digital que utilizem a Infraestrutura de Chaves Públicas Brasileira devem ter capacidade de relacionar pessoas físicas aos órgãos e pessoas jurídicas por aquelas representados, bem como no caso de assistência ou representação de incapazes...",Não,2023,R.S
6341,156655,"Realização de Sessão de Debates Temáticos, no dia 28/04/2023, a fim de debater a estrutura do sistema e do processo de adoção no país e possíveis melhorias.",Não,2023,RQS
6341,156640,Desarquivamento do PLC nº 46/2017.,Não,2023,RQS
6341,156848,"Realização de sessão de debate temático a fim de tratar da inadimplência das pessoas físicas, soluções para o endividamento e o papel e a configuração do Programa Desenrola.",Não,2023,RQS
6341,156564,Institui o Cadastro Digital Certificado e estabelece normas para identificação de correntistas ativos e passivos de contas de depósitos abertas por meio eletrônico.,Sim,2023,PLP
6341,156588,Desarquivamento do PLC nº 42/2017.,Não,2023,RQS
6341,156730,Dispõe sobre o exercício da atividade de Psicopedagogia.,Sim,2023,PL
6341,156697,"Criação de Comissão Parlamentar de Inquérito, para apurar fatos relacionados às organizações não-governamentais (ONGs) e às organizações da sociedade civil de interesse público (OSCIPs).",Não,2023,RQS
6341,156559,"Desarquivamento dos PLSs nº 225/2015, nº 227/2015 e nº 411/2017.",Não,2023,RQS
6341,156607,"Desarquivamento do PLC 34/2015, Altera a Lei nº 11.105, de 24 de março de 2005 - altera a Lei de Biossegurança para liberar os produtores de alimentos de informar ao consumidor sobre a presença de componentes transgênicos quando esta se der em porcentagem inferior a 1% da composição total do produto alimentício.",Não,2023,RQS
6341,156670,"Desarquivamento das seguintes proposições: PLS 326/2016, PLC 75/2018 e PLS 168/2018.",Não,2023,RQS
6341,156291,"Requer que sejam prestadas, pelo Senhor Ministro de Estado da Pesca e Aquicultura, André de Paula, informações sobre a Portaria Interministerial MPA/ MMA nº 1, de 28 de fevereiro de 2023, que ""estabelece a Autorização de Pesca Especial Temporária, o limite de embarcações de pesca, as cotas de captura e as medidas de monitoramento e controle para a temporada de pesca da tainha (Mugil liza) do ano de 2023, nas regiões Sudeste e Sul do Brasil"".",Não,2023,REQ
6341,156572,Desarquivamento do PLC nº 64/2016.,Não,2023,RQS
6341,156612,Desarquivamento do PLC nº 9/2018.,Não,2023,RQS
6341,156625,Desarquivamento do PLC 159/2017,Não,2023,RQS
6341,156391,"Modifica os arts. 60, 61, 62 e 64 da Constituição Federal, para dispor sobre a iniciativa de proposições pelo Presidente da República.",Não,2023,PEC
6341,156487,Desarquivamento dos PLS 511/2017 e PLC 63/2018.,Não,2023,RQS
6341,156511,Realização de sessão especial a fim de comemorar o Dia Mundial de Luta Contra o Câncer.,Não,2023,RQS
6341,156516,"Requer que seja convidado o Exmo. Sr. Flávio Dino de Castro e Costa, Ministro da Justiça e Segurança Pública, a comparecer a esta Comissão, a fim de prestar informações sobre os planos e a agenda estratégica da Pasta para os próximos anos.",Não,2023,REQ
6341,156567,"Desarquivamento de proposições de oriundas do Programa Jovem Senador: PLS nº 280/2015, PLS nº 352/2015, PLS nº 646/2015, PLS nº 747/2015, PLS nº 756/2015, PLS nº 76/2016, PLS nº 234/2016, PLS nº 215/2017, PLS nº 238/2017, PLS nº 307/2017, PLS nº 170/2018, PLS nº 180/2018, SUG 39/2018 e PLS nº 246/2018.",Não,2023,RQS
6341,156317,"Realização de sessão especial, em setembro, a fim de comemorar o centenário do Avaí Futebol Clube.",Não,2023,RQS
6341,156478,Requer que o PL 746/2019 seja apreciado pelo Plenário do Senado Federal,Não,2023,R.S
6341,156571,Altera o art. 144 da Constituição Federal para identificar a Polícia Hidroviária Federal como órgão do sistema de segurança pública.,Não,2023,PEC
6341,156667,Altera o art. 173 da Constituição Federal para dispor sobre restrições à indicação para o Conselho de Administração e diretoria de empresa pública e sociedade de economia mista.,Não,2023,PEC
6341,156518,"Desarquivamento dos PLS nºs 501, 456, 417 e 409, de 2015.",Não,2023,RQS
6341,156328,"Altera o art. 4º da Lei nº 10.406, de 10 de janeiro de 2002 – Código Civil, para dispor sobre a anulabilidade de negócios jurídicos celebrados por indígenas com pessoas alheias aos seus povos que se aproveitem dos costumes ou do desconhecimento das leis para se arrogarem a propriedade, a posse ou o uso de terras ou do patrimônio indígenas.",Sim,2023,PL
6341,156337,"Requer que sejam prestadas, pelo Senhor Ministro do Estado de Justiça e Segurança, Flávio Dino, informações sobre quais pareceres jurídicos e técnicos, estudos e dados estatísticos fundamentaram a mudança normativa que orientou a edição do Decreto 11.366 de janeiro de 2023.",Não,2023,REQ
6341,156259,"Oitiva da Comissão de Transparência, Governança, Fiscalização e Controle e Defesa do Consumidor sobre o PL 316/2021.",Sim,2023,RQS
6341,156568,Desarquivamento do PLS nº 404/2018.,Não,2023,RQS
6341,156551,"Desarquivamento do SCD nº 6/2016, PLC nº 30/2015 e PLC nº 12/2016.",Não,2023,RQS
6341,156196,Desarquivamento das seguintes Proposições: PLS nº 122/2015 - PLS nº 342/2015 - PEC nº 157/2015 - PLS  nº 52/2017 - PRS nº 17/2018 - PLS nº 214/2018 - PL nº 3178/2019 - PL nº 5790/2019  e - PLP nº 22/2020.,Não,2023,RQS
6341,156105,Oitiva da Comissão de Direitos Humanos e Legislação Participativa sobre o PL nº 4915/2019.,Sim,2023,RQS
6341,157895,Altera o art. 132 da Constituição Federal para incluir os Procuradores dos Municípios entre os que compõem a advocacia pública e dá outras providências.,Não,2023,PEC
6341,156562,Desarquivamento do PLC nº 80/2018.,Não,2023,RQS
6341,156004,"Dispõe sobre a regulamentação da modalidade lotérica denominada apostas de quota fixa, estabelecida pela Lei nº 13.756, de 12 de dezembro de 2018.",Não,2023,PL
6341,156016,"Desarquivamento das seguintes proposições, na forma do art. 332, § 1º, do Regimento Interno: PEC 32/2015, PEC 33/2015, PLS 172/2015, PLS 187/2015, PLC 119/2015, PLS 376/2015, PRS 24/2017, PRS 49/2017, PL 2980/2021, PL 3835/2021, PL 3836/2021, PL 3993/2021, PL 4076/2021, PL 4432/2021, PL 784/2020.",Não,2023,RQS
6341,156534,Desarquivamento do PLS nº 226/2016 e PLS nº 168/2018.,Não,2023,RQS
6341,156051,"Inserção em ata de voto de aplauso à Defesa Civil do Estado de São Paulo, à Defesa Civil de São Sebastião, ao Corpo de Bombeiros Militar do Estado de São Paulo (CBMSP), à Polícia Militar do Estado de São Paulo (PMSP), aos profissionais de saúde e assistência social do Estado de São Paulo e do Município de São Sebastião, pelo brilhante trabalho realizado na resposta às enchentes e deslizamentos no litoral norte paulista de 18 e 19 de fevereiro de 2023.",Não,2023,RQS
6341,155981,Realização de sessão especial para comemorar os 73 anos da ANFIP.,Não,2023,RQS
6341,155990,"Altera a Lei nº 8.080, de 19 de setembro de 1990, que dispõe sobre as condições para a promoção, proteção e recuperação da saúde, a organização e o funcionamento dos serviços correspondentes e dá outras providências, para assegurar à mulher o direito de acompanhamento durante atendimentos em serviços de saúde.",Sim,2023,PL
6341,155991,"Desarquivamento das seguintes proposições: PLC 162/2015, PLC 88/2018, PLC 90/2018, PEC 38/2015, PLC 134/2017.",Não,2023,RQS
6341,156047,"Realização de sessão especial, em 31 de março de 2023, a fim de comemorar o Dia Internacional das Mulheres e Meninas na Ciência.",Não,2023,RQS
6341,156419,"Desarquivamento das proposições que especifica: PEC 1/2015, PLS 375/2015, PLS 561/2015, PLS 288/2016, PLS 435/2018, PLS 530/2018.",Sim,2023,RQS
6341,156092,"Requeiro, nos termos do art. 332, § 1º, do Regimento Interno do Senado Federal, o desarquivamento do PLC 29/2017, que “dispõe sobre normas de seguro privado; revoga dispositivos da Lei nº 10.406, de 10 de janeiro de 2002 (Código Civil);e dá outras providências”",Não,2023,RQS
6341,156040,"Desarquivamento, nos termos do art. 332, § 1º, do Regimento Interno do Senado Federal, da PEC nº 7, de 2018.",Não,2023,RQS
6341,155989,"Altera a Lei nº 14.300, de 6 de janeiro de 2022, para permitir a cessão de créditos de energia elétrica, por unidades consumidoras participantes do Sistema de Compensação de Energia Elétrica, a entidades beneficentes.",Sim,2023,PL
6341,155957,"Realização de sessão especial, no dia 13/03/2023, a fim de Comemorar os 50 (cinquenta) anos da Secretaria de Tecnologia da Informação – Prodasen.",Não,2023,RQS
6341,155833,"Realização de Sessão Especial, no mês de novembro, a fim de celebrar o Dia 20 de Novembro - Dia da Consciência Negra.",Não,2023,RQS
6341,156077,"Desarquivamento da Proposta de Emenda à Constituição nº 38, de 2015",Não,2023,RQS
6341,156263,"Requer o desarquivamento do PLC nº 130/2018, que “dispõe sobre a realização de exames em gestantes”.",Não,2023,RQS
6341,155869,Sessão Especial a fim de comemorar o Dia Internacional dos Direitos dos Animais.,Não,2023,RQS
6341,155891,Desarquivamento do Substitutivo da Câmara dos Deputados (SCD) nº 6/2016.,Não,2023,RQS
6341,155922,"Desarquivamento das seguintes proposições: PLC 121/2015, PLC 62/2018, PLS 430/2018 e PLC 82/2018.",Não,2023,RQS
6341,155902,"Desarquivamento dos PLS 499/2018, PLS 257/2017 e PLS 473/2018.",Não,2023,RQS
6341,155952,Altera os arts. 5º e 102 da Constituição Federal para reafirmar a proteção jurídica da coisa julgada.,Não,2023,PEC
6341,155883,Requer o desarquivamento do PLS nº 166/2018.,Não,2023,RQS
6341,155842,"Desarquivamento das seguintes proposições: PEC 1/2015, PEC 39/2015, PRS 17/2015, PEC 57/2015, PEC 81/2015, PLS 507/2015, PLS 668/2015, PLS 768/2015, PLS 66/2016, PLS 288/2016, PLS 350/2016, PLS 362/2016, PLS 437/2016, PLS 278/2018.",Não,2023,RQS
6341,155928,Desarquivamento do PLS nº 208/2018.,Não,2023,RQS
6341,156272,"Requer, nos termos do art. 332, § 1º, do Regimento Interno do Senado Federal, o desarquivamento das seguintes proposições:
- PL 6406/2019
- PL 6403/2019
- PL 1040/2020",Não,2023,RQS
6341,155970,"Solicita o desarquivamento das seguintes proposições: PLS 231/2016, PLS 230/2016, PLS 350/2017, PLS 358/2017, PLS 362/2017, PLS 361/2017, PLS 366/2017, PLS 370/2017, PLS 442/2017, PLS 99/2018, PRS 9/2018, PLS 235/2018, PLS 205/2015, PLS 206/2015, PLS 313/2015, PLS 315/2015, PLS 357/2015, PLS 360/2015, PLS 359/2015, PLS 367/2015, PLS 406/2015, PLS 404/2015, PLS 431/2015, PLS 518/2015, PLS 520/2015, PLS 521/2015, PLS 561/2015, PEC 148/2015, PLS 785/2015, PLS 80/2016, PLS 78/2016, PLS 77/2016, PLS 83/2016, PLS 111/2016, PLS 113/2016, PLS 114/2016, PLS 112/2016, PEC 12/2016, PLS 138/2016, PLS 140/2016, PLS 149/2016, PLS 152/2016, PEC 15/2016, PEC 18/2016, PEC 21/2016, PLS 198/2016, PLS 214/2016, PEC 29/2016, PEC 30/2016, PLS 250/2016, PEC 33/2016, PLS 302/2016, PLS 186/2017, PLS 219/2017, PLS 233/2017, PLS 249/2017, PLS 251/2017, PLS 254/2017, PLS 253/2017, PLS 252/2017, PLS 268/2017, PLS 269/2017, PRS 29/2018, PLS 326/2018, PLS 364/2018, PLS 440/2018, PDS 141/2018, PLS 399/2016, PLS 466/2016, PLS 49/2017, PLS 124/2017, PLS 175/2017, PLS 267/2017, PLS 270/2017, PLS 271/2017, PLS 273/2017, PLS 281/2017, PLS 282/2017, PLS 298/2017, PLS 313/2017, PLS 348/2017, PEC 16/2015, PLS 160/2015.",Não,2023,RQS
6341,155995,"Desarquivamento das seguintes proposições, na forma do art. 332, § 1º, do Regimento Interno: SUG 12/2018, SUG 13/2018.",Não,2023,RQS
6341,155808,"Desarquivamento das seguintes proposições: PRS 10/2016, PLS 183/2016, PLS 277/2016, PLS 275/2016, PLS 279/2016, PEC 34/2016, PLS 316/2016, PLS 444/2016, PLS 29/2017, PLS 170/2017, PLS 171/2017, PLS 187/2017, PLS 211/2017, PLS 266/2017, PLS 265/2017, PLS 262/2017, PLS 263/2017, PLS 300/2017, PLS 338/2017, PLS 339/2017, PEC 36/2017, PFS 2/2017, PLS 469/2017, PLS 509/2017, PLS 225/2018, PEC 10/2018, PLS 335/2018, PDS 139/2018, PLS 461/2018, PLS 460/2018, PLS 294/2016, PLS 26/2015, PLS 67/2015, PLS 69/2015, PLS 65/2015, PLS 66/2015, PLS 63/2015, PLS 73/2015, PLS 71/2015, PLS 64/2015, PLS 219/2015, PLS 278/2015, PLS 322/2015, PLS 354/2015, PLS 412/2015, PLS 506/2015, PLS 510/2015, PLS 528/2015, PRS 42/2015, PLS 703/2015, PLS 704/2015, PLS 758/2015, PLS 72/2015, PLS 279/2015.",Não,2023,RQS
6341,155911,"Concede remissão dos débitos referentes à Contribuição Social sobre o Lucro Líquido (CSLL), de que trata a Lei nº 7.689, de 15 de dezembro de 1988, relativos a fatos geradores ocorridos até 31 de dezembro de 2022, decorrentes da cessação de efeitos, de forma automática ou por meio de ação rescisória, de decisão judicial transitada em julgado.",Sim,2023,PL
6341,155900,"Criação de Comissão Temporária Externa composta de 4 (quatro) membros titulares para, no prazo de 90 (noventa) dias, acompanhar a necessidade de criação por parte do Ministério Público Federal do Território Ribeirinho, na região da Usina Hidrelétrica de Belo Monte, no Estado do Pará, e as consequências socioambientais dos sucessivos pedidos de Declaração de Utilidade Pública (DUP).",Não,2023,RQS
6341,155875,"Realização de sessão especial, em data oportuna, a fim de comemorar os 46 anos do Estado de Mato Grosso do Sul.",Não,2023,RQS
6341,155874,"Realização de sessão especial, em data oportuna, a fim de comemorar o Dia Nacional do Turismo.",Não,2023,RQS
6341,156014,"Desarquivamento dos seguintes projetos de lei:  Projetos de Lei do Senado nºs 1, 135, 157, 270, 371, 671 e 743 de 2015; Projetos de Lei do Senado nºs 50 e 52 de 2016; Projetos de Lei do Senado nºs 126, 190, 213, 278 e 304 de 2017;  Projetos de Lei do Senado nºs 31, 79, 80, 234, 306, 436, 459 e 473 de 2018.",Não,2023,RQS
